event_type,event_id,time_at_site,detection_area,camera_id,direction,movement,object1_class,object2_class,city,intersection,table,publish_timestamp,data_provider,original_content
LCV,69a4a04efab43400110acf90,1772396622190000,South Leg,0,,,,,alexandria,glebe-potomac-dqchytr8g,alexandria.safety-event,1773730933709000,derq,
STPV,69a491fb0726520012705b25,1772392948596000,North Leg,0,North,,,,alexandria,glebe-potomac-dqchytr8g,alexandria.safety-event,1773730933709000,derq,
LCV,69a4ade56c60ca0013bc8b01,1772400101059000,South Leg,0,,,,,alexandria,glebe-potomac-dqchytr8g,alexandria.safety-event,1773730933709000,derq,
IC,69a44841a1464900125ec6c2,1772374080829000,Intersection Center,0,,,,,alexandria,glebe-potomac-dqchytr8g,alexandria.safety-event,1773730933710000,derq,
IC,69a487b8fab43400110aa772,1772390327928000,West Leg,0,,,,,alexandria,glebe-potomac-dqchytr8g,alexandria.safety-event,1773730933710000,derq,
IC,69a4b44da1464900125f7193,1772401740829000,Intersection Center,0,,,,,alexandria,glebe-potomac-dqchytr8g,alexandria.safety-event,1773730933710000,derq,
IC,69a4bee66c60ca0013bca6b1,1772404454521000,Intersection Center,0,,,,,alexandria,glebe-potomac-dqchytr8g,alexandria.safety-event,1773730933710000,derq,
LCV,69a4c9f27e03be00132f801e,1772407282386000,South Leg,0,,,,,alexandria,glebe-potomac-dqchytr8g,alexandria.safety-event,1773730933710000,derq,
LCV,69a4c1e76c60ca0013bcab98,1772405222949000,South Leg,0,,,,,alexandria,glebe-potomac-dqchytr8g,alexandria.safety-event,1773730933710000,derq,
IC,69a4483e7e03be00132eb183,1772374078526000,Intersection Center,0,,,,,alexandria,glebe-potomac-dqchytr8g,alexandria.safety-event,1773730933710000,derq,
IC,69a44840fab43400110a44d6,1772374078726000,Intersection Center,0,,,,,alexandria,glebe-potomac-dqchytr8g,alexandria.safety-event,1773730933710000,derq,
IC,69a4797a6c60ca0013bc35c6,1772386682282000,North Leg,0,,,,,alexandria,glebe-potomac-dqchytr8g,alexandria.safety-event,1773730933710000,derq,
IC,69a4d311fab43400110b2185,1772409617432000,Intersection Center,0,,,,,alexandria,glebe-potomac-dqchytr8g,alexandria.safety-event,1773730933710000,derq,
IC,69a5003f0726520012710a24,1772421179989000,Intersection Center,0,,,,,alexandria,glebe-potomac-dqchytr8g,alexandria.safety-event,1773730933710000,derq,
NM-VRU,69a4aa9ffab43400110ae062,1772399260802000,South Leg,0,,,Bicycle,Passenger Vehicle,alexandria,glebe-potomac-dqchytr8g,alexandria.safety-event,1773730933711000,derq,
IC,69a5036e6c60ca0013bd102c,1772421998248000,Intersection Center,0,,,,,alexandria,glebe-potomac-dqchytr8g,alexandria.safety-event,1773730933711000,derq,
LCV,69a5f579eb555e001293ac03,1772483918614000,North Leg,0,,,,,alexandria,glebe-potomac-dqchytr8g,alexandria.safety-event,1773734412380000,derq,
LCV,69a5d8776c60ca0013be4ee2,1772476535576000,South Leg,0,,,,,alexandria,glebe-potomac-dqchytr8g,alexandria.safety-event,1773734412380000,derq,
LCV,69a5d5cf4f9ded0012b98a0d,1772475855175000,North Leg,0,,,,,alexandria,glebe-potomac-dqchytr8g,alexandria.safety-event,1773734412380000,derq,
LCV,69a5d4ba7e03be0013310f1c,1772475578279000,South Leg,0,,,,,alexandria,glebe-potomac-dqchytr8g,alexandria.safety-event,1773734412380000,derq,
LCV,69a5a291d006450012137df7,1772462737186000,North Leg,0,,,,,alexandria,glebe-potomac-dqchytr8g,alexandria.safety-event,1773734412380000,derq,
LCV,69a56bd9d006450012132b5b,1772448729043000,North Leg,0,,,,,alexandria,glebe-potomac-dqchytr8g,alexandria.safety-event,1773734412380000,derq,
LCV,69a50fa1d00645001212a90f,1772425121019000,South Leg,0,,,,,alexandria,glebe-potomac-dqchytr8g,alexandria.safety-event,1773734412380000,derq,
STPV,69a5602b0726520012719154,1772445732486000,North Leg,0,North,,,,alexandria,glebe-potomac-dqchytr8g,alexandria.safety-event,1773734412380000,derq,
IC,69a51bdd6c60ca0013bd3353,1772428253269000,Intersection Center,0,,,,,alexandria,glebe-potomac-dqchytr8g,alexandria.safety-event,1773734412380000,derq,
IC,69a57c21d006450012134320,1772452897374000,North Leg,0,,,,,alexandria,glebe-potomac-dqchytr8g,alexandria.safety-event,1773734412380000,derq,
IC,69a5e96d4f9ded0012b9aa79,1772480876668000,Intersection Center,0,,,,,alexandria,glebe-potomac-dqchytr8g,alexandria.safety-event,1773734412380000,derq,
LCV,69a5d9fd4f9ded0012b99102,1772476925439000,South Leg,0,,,,,alexandria,glebe-potomac-dqchytr8g,alexandria.safety-event,1773734412380000,derq,
LCV,69a5ebcbade17e0012de3847,1772481483247000,South Leg,0,,,,,alexandria,glebe-potomac-dqchytr8g,alexandria.safety-event,1773734412380000,derq,
NM-VRU,69a60554072652001272973f,1772488015927000,Intersection Center,0,,,Pedestrian,Passenger Vehicle,alexandria,glebe-potomac-dqchytr8g,alexandria.safety-event,1773734412381000,derq,
NM-VRU,69a5cc996c60ca0013be3b68,1772473494679000,South Leg,0,,,Bicycle,Passenger Vehicle,alexandria,glebe-potomac-dqchytr8g,alexandria.safety-event,1773734412381000,derq,
NM-VRU,69a59197072652001271da13,1772458387833000,Intersection Center,0,,,Passenger Vehicle,Pedestrian,alexandria,glebe-potomac-dqchytr8g,alexandria.safety-event,1773734412381000,derq,
IC,69a607a24f9ded0012b9dd7d,1772488610070000,Intersection Center,0,,,,,alexandria,glebe-potomac-dqchytr8g,alexandria.safety-event,1773734412381000,derq,
IC,69a5fa7dadb00c00110c99a9,1772485245033000,North Leg,0,,,,,alexandria,glebe-potomac-dqchytr8g,alexandria.safety-event,1773734412381000,derq,
IC,69a5f6d14f9ded0012b9c0bf,1772484296301000,Intersection Center,0,,,,,alexandria,glebe-potomac-dqchytr8g,alexandria.safety-event,1773734412381000,derq,
IC,69a5f4e2eb555e001293ab0d,1772483362563000,Intersection Center,0,,,,,alexandria,glebe-potomac-dqchytr8g,alexandria.safety-event,1773734412381000,derq,
NM-VV,69a5f5780726520012727ba6,1772483908696000,Intersection Center,0,,,Passenger Vehicle,Passenger Vehicle,alexandria,glebe-potomac-dqchytr8g,alexandria.safety-event,1773734412381000,derq,
NM-VV,69a589cf7e03be00133096d7,1772456393062000,West Leg,0,,,Passenger Vehicle,Passenger Vehicle,alexandria,glebe-potomac-dqchytr8g,alexandria.safety-event,1773734412381000,derq,
STPV,69a651002b890f00119a602a,1772507385691000,North Leg,0,North,,,,alexandria,glebe-potomac-dqchytr8g,alexandria.safety-event,1773738011808000,derq,
STPV,69a65021ee080c001272e50d,1772507162407000,North Leg,0,North,,,,alexandria,glebe-potomac-dqchytr8g,alexandria.safety-event,1773738011808000,derq,
STPV,69a64370c1fc6d0012a72573,1772503912882000,North Leg,0,North,,,,alexandria,glebe-potomac-dqchytr8g,alexandria.safety-event,1773738011808000,derq,
LCV,69a6cbf6ee080c00127396a6,1772538870140000,South Leg,0,,,,,alexandria,glebe-potomac-dqchytr8g,alexandria.safety-event,1773738011809000,derq,
IC,69a65b0ec1fc6d0012a748df,1772509966379000,West Leg,0,,,,,alexandria,glebe-potomac-dqchytr8g,alexandria.safety-event,1773738011809000,derq,
IC,69a66471c1fc6d0012a75695,1772512369294000,Intersection Center,0,,,,,alexandria,glebe-potomac-dqchytr8g,alexandria.safety-event,1773738011809000,derq,
IC,69a664b8c8126d0012efd5f9,1772512439919000,Intersection Center,0,,,,,alexandria,glebe-potomac-dqchytr8g,alexandria.safety-event,1773738011809000,derq,
IC,69a6da1eee080c001273ac2e,1772542493811000,West Leg,0,,,,,alexandria,glebe-potomac-dqchytr8g,alexandria.safety-event,1773738011809000,derq,
IC,69a6e1e7c8126d0012f08a92,1772544487320000,West Leg,0,,,,,alexandria,glebe-potomac-dqchytr8g,alexandria.safety-event,1773738011809000,derq,
IC,69a65820c8126d0012efc371,1772509216552000,Intersection Center,0,,,,,alexandria,glebe-potomac-dqchytr8g,alexandria.safety-event,1773738011809000,derq,
IC,69a6550ec8126d0012efbee5,1772508430544000,Intersection Center,0,,,,,alexandria,glebe-potomac-dqchytr8g,alexandria.safety-event,1773738011809000,derq,
IC,69a6149fc1fc6d0012a6da0d,1772491934944000,Intersection Center,0,,,,,alexandria,glebe-potomac-dqchytr8g,alexandria.safety-event,1773738011809000,derq,
LCV,69a86175c8126d0012f2e665,1772642677290000,South Leg,0,,,,,alexandria,glebe-potomac-dqchytr8g,alexandria.safety-event,1773745212931000,derq,
STPV,69a8fcb8051f7a0012659aee,1772682417492000,North Leg,0,North,,,,alexandria,glebe-potomac-dqchytr8g,alexandria.safety-event,1773745212931000,derq,
WWD,69a8976e82d83000122d2dae,1772656494789000,West Leg,0,West,,,,alexandria,glebe-potomac-dqchytr8g,alexandria.safety-event,1773745212931000,derq,
LCV,69a8d0b72cd11e00126d97ce,1772671159652000,South Leg,0,,,,,alexandria,glebe-potomac-dqchytr8g,alexandria.safety-event,1773745212931000,derq,
LCV,69a894b2051f7a001264ef81,1772655794069000,South Leg,0,,,,,alexandria,glebe-potomac-dqchytr8g,alexandria.safety-event,1773745212931000,derq,
LCV,69a87ea9b96fb70013b53339,1772650153082000,South Leg,0,,,,,alexandria,glebe-potomac-dqchytr8g,alexandria.safety-event,1773745212931000,derq,
LCV,69a87418255b710012f6ce21,1772647447896000,South Leg,0,,,,,alexandria,glebe-potomac-dqchytr8g,alexandria.safety-event,1773745212931000,derq,
IC,69a8199982d83000122c618b,1772624281510000,South Leg,0,,,,,alexandria,glebe-potomac-dqchytr8g,alexandria.safety-event,1773745212931000,derq,
STPV,69a87fdf255b710012f6e180,1772650456338000,North Leg,0,North,,,,alexandria,glebe-potomac-dqchytr8g,alexandria.safety-event,1773745212931000,derq,
STPV,69a8c3b4255b710012f75604,1772667821032000,North Leg,0,North,,,,alexandria,glebe-potomac-dqchytr8g,alexandria.safety-event,1773745212931000,derq,
WWD,69a8a513051f7a0012650b9e,1772659987333000,West Leg,0,West,,,,alexandria,glebe-potomac-dqchytr8g,alexandria.safety-event,1773745212931000,derq,
IC,69a80ad1a3424900123c1b32,1772620497024000,Intersection Center,0,,,,,alexandria,glebe-potomac-dqchytr8g,alexandria.safety-event,1773745212931000,derq,
STPV,69a8cfac2cd11e00126d961f,1772670885467000,North Leg,0,North,,,,alexandria,glebe-potomac-dqchytr8g,alexandria.safety-event,1773745212931000,derq,
IC,69a8c799051f7a00126546ba,1772668825144000,Intersection Center,0,,,,,alexandria,glebe-potomac-dqchytr8g,alexandria.safety-event,1773745212932000,derq,
IC,69a8c794255b710012f75c5b,1772668820420000,Intersection Center,0,,,,,alexandria,glebe-potomac-dqchytr8g,alexandria.safety-event,1773745212932000,derq,
IC,69a8c76cb96fb70013b5af24,1772668780278000,West Leg,0,,,,,alexandria,glebe-potomac-dqchytr8g,alexandria.safety-event,1773745212932000,derq,
IC,69a8abab2cd11e00126d59aa,1772661675377000,West Leg,0,,,,,alexandria,glebe-potomac-dqchytr8g,alexandria.safety-event,1773745212932000,derq,
IC,69a8a63db96fb70013b576c9,1772660284857000,Intersection Center,0,,,,,alexandria,glebe-potomac-dqchytr8g,alexandria.safety-event,1773745212932000,derq,
IC,69a8a63b255b710012f7236d,1772660282841000,Intersection Center,0,,,,,alexandria,glebe-potomac-dqchytr8g,alexandria.safety-event,1773745212932000,derq,
IC,69a8a5752cd11e00126d4f07,1772660085270000,Intersection Center,0,,,,,alexandria,glebe-potomac-dqchytr8g,alexandria.safety-event,1773745212932000,derq,
IC,69a896b9255b710012f70893,1772656313705000,North Leg,0,,,,,alexandria,glebe-potomac-dqchytr8g,alexandria.safety-event,1773745212932000,derq,
IC,69a88977255b710012f6f1e3,1772652919063000,North Leg,0,,,,,alexandria,glebe-potomac-dqchytr8g,alexandria.safety-event,1773745212932000,derq,
IC,69a87622b96fb70013b524f1,1772647970743000,Intersection Center,0,,,,,alexandria,glebe-potomac-dqchytr8g,alexandria.safety-event,1773745212932000,derq,
IC,69a86d9aee080c00127629f2,1772645786288000,Intersection Center,0,,,,,alexandria,glebe-potomac-dqchytr8g,alexandria.safety-event,1773745212932000,derq,
IC,69a859582cd11e00126ccf77,1772640600052000,Intersection Center,0,,,,,alexandria,glebe-potomac-dqchytr8g,alexandria.safety-event,1773745212932000,derq,
IC,69a84a4684d879001213a766,1772636742313000,North Leg,0,,,,,alexandria,glebe-potomac-dqchytr8g,alexandria.safety-event,1773745212932000,derq,
IC,69a82dbac4d4610012a66a02,1772629434851000,West Leg,0,,,,,alexandria,glebe-potomac-dqchytr8g,alexandria.safety-event,1773745212932000,derq,
IC,69a8ad86b96fb70013b58360,1772662149963000,Intersection Center,0,,,,,alexandria,glebe-potomac-dqchytr8g,alexandria.safety-event,1773745212932000,derq,
IC,69a8bec5b96fb70013b5a0da,1772666565441000,West Leg,0,,,,,alexandria,glebe-potomac-dqchytr8g,alexandria.safety-event,1773745212932000,derq,
IC,69a8c4dc051f7a0012654255,1772668113358000,Intersection Center,0,,,,,alexandria,glebe-potomac-dqchytr8g,alexandria.safety-event,1773745212932000,derq,
NM-VRU,69a830b32cd11e00126c8e8d,1772630185532000,South Leg,0,,,Pedestrian,Passenger Vehicle,alexandria,glebe-potomac-dqchytr8g,alexandria.safety-event,1773745212933000,derq,
NM-VRU,69a8742bc8126d0012f30554,1772647463387000,Intersection Center,0,,,Bicycle,Passenger Vehicle,alexandria,glebe-potomac-dqchytr8g,alexandria.safety-event,1773745212933000,derq,
NM-VV,69a894b8ee080c0012766b44,1772655796272000,Intersection Center,0,,,Passenger Vehicle,Passenger Vehicle,alexandria,glebe-potomac-dqchytr8g,alexandria.safety-event,1773745212933000,derq,
NM-VV,69a894b8b96fb70013b55894,1772655796272000,Intersection Center,0,,,Passenger Vehicle,Passenger Vehicle,alexandria,glebe-potomac-dqchytr8g,alexandria.safety-event,1773745212933000,derq,
NM-VV,69a8964b051f7a001264f244,1772656198748000,Intersection Center,0,,,Passenger Vehicle,Passenger Vehicle,alexandria,glebe-potomac-dqchytr8g,alexandria.safety-event,1773745212933000,derq,
NM-VRU,69a830ac2cd11e00126c8e85,1772630185332000,South Leg,0,,,Pedestrian,Passenger Vehicle,alexandria,glebe-potomac-dqchytr8g,alexandria.safety-event,1773745212933000,derq,
NM-VV,69a84a9582d83000122cad31,1772636816961000,Intersection Center,0,,,Passenger Vehicle,Passenger Vehicle,alexandria,glebe-potomac-dqchytr8g,alexandria.safety-event,1773745212933000,derq,
NM-VRU,69a8a390255b710012f71ec5,1772659596103000,West Leg,0,,,Bus,Pedestrian,alexandria,glebe-potomac-dqchytr8g,alexandria.safety-event,1773745212933000,derq,
IC,69ad702f6ee7480011d85325,1772974127181000,Intersection Center,0,,,,,alexandria,glebe-potomac-dqchytr8g,alexandria.safety-event,1773763328709000,derq,
NM-VV,69adca2e8c5852001263c460,1772997162393000,Intersection Center,0,,,Passenger Vehicle,Passenger Vehicle,alexandria,glebe-potomac-dqchytr8g,alexandria.safety-event,1773763328709000,derq,
NM-VRU,69adb18b051f7a00126cedbb,1772990855614000,South Leg,0,,,Bicycle,Passenger Vehicle,alexandria,glebe-potomac-dqchytr8g,alexandria.safety-event,1773763328709000,derq,
IC,69ada2d76248a10013cbe537,1772987095449000,Intersection Center,0,,,,,alexandria,glebe-potomac-dqchytr8g,alexandria.safety-event,1773763328709000,derq,
LCV,69addd948c5852001263e4a9,1773002132629000,South Leg,0,,,,,alexandria,glebe-potomac-dqchytr8g,alexandria.safety-event,1773763328709000,derq,
IC,69ad068a8c5852001262a010,1772947082301000,Intersection Center,0,,,,,alexandria,glebe-potomac-dqchytr8g,alexandria.safety-event,1773763328709000,derq,
LCV,69addce9c134df0013bea726,1773001961417000,South Leg,0,,,,,alexandria,glebe-potomac-dqchytr8g,alexandria.safety-event,1773763328709000,derq,
IC,69ad702b051f7a00126c8944,1772974123775000,Intersection Center,0,,,,,alexandria,glebe-potomac-dqchytr8g,alexandria.safety-event,1773763328709000,derq,
LCV,69ad82316ee7480011d86d9b,1772978736512000,South Leg,0,,,,,alexandria,glebe-potomac-dqchytr8g,alexandria.safety-event,1773763328709000,derq,
IC,69ada2d86ee7480011d89f65,1772987095950000,Intersection Center,0,,,,,alexandria,glebe-potomac-dqchytr8g,alexandria.safety-event,1773763328709000,derq,
LCV,69b0c22b4365540011a3395c,1773191723711000,South Leg,0,,,,,alexandria,glebe-potomac-dqchytr8g,alexandria.safety-event,1773774132117000,derq,
IC,69b0056812a0560011aa603a,1773143400585000,North Leg,0,,,,,alexandria,glebe-potomac-dqchytr8g,alexandria.safety-event,1773774132117000,derq,
LCV,69b005254365540011a1f341,1773143332938000,South Leg,0,,,,,alexandria,glebe-potomac-dqchytr8g,alexandria.safety-event,1773774132117000,derq,
WWD,69b0cd7b7ef9d70012a8f0dd,1773194619282000,West Leg,0,West,,,,alexandria,glebe-potomac-dqchytr8g,alexandria.safety-event,1773774132117000,derq,
WWD,69b0ad918c585200126863d6,1773186449131000,West Leg,0,West,,,,alexandria,glebe-potomac-dqchytr8g,alexandria.safety-event,1773774132117000,derq,
LCV,69b023dd8c58520012677071,1773151197056000,South Leg,0,,,,,alexandria,glebe-potomac-dqchytr8g,alexandria.safety-event,1773774132117000,derq,
LCV,69b027e212a0560011aa9854,1773152226591000,South Leg,0,,,,,alexandria,glebe-potomac-dqchytr8g,alexandria.safety-event,1773774132117000,derq,
STPV,69b0d1a1c134df0013c36433,1773195674690000,North Leg,0,North,,,,alexandria,glebe-potomac-dqchytr8g,alexandria.safety-event,1773774132117000,derq,
STPV,69b0b07b4365540011a31b75,1773187188163000,North Leg,0,North,,,,alexandria,glebe-potomac-dqchytr8g,alexandria.safety-event,1773774132117000,derq,
STPV,69b04e3e8c5852001267b9cb,1773162039317000,North Leg,0,North,,,,alexandria,glebe-potomac-dqchytr8g,alexandria.safety-event,1773774132117000,derq,
LCV,69b05af612a0560011aaf027,1773165301905000,South Leg,0,,,,,alexandria,glebe-potomac-dqchytr8g,alexandria.safety-event,1773774132117000,derq,
LCV,69b0b18e12a0560011ab8b26,1773187470434000,North Leg,0,,,,,alexandria,glebe-potomac-dqchytr8g,alexandria.safety-event,1773774132117000,derq,
NM-VRU,69b03f51b7a1340012c54e4b,1773158222675000,North Leg,0,,,Bicycle,Passenger Vehicle,alexandria,glebe-potomac-dqchytr8g,alexandria.safety-event,1773774132118000,derq,
IC,69b0de057ef9d70012a90b3f,1773198853295000,Intersection Center,0,,,,,alexandria,glebe-potomac-dqchytr8g,alexandria.safety-event,1773774132118000,derq,
IC,69b0a5444365540011a30883,1773184324019000,West Leg,0,,,,,alexandria,glebe-potomac-dqchytr8g,alexandria.safety-event,1773774132118000,derq,
IC,69b097b812a0560011ab5e30,1773180856531000,Intersection Center,0,,,,,alexandria,glebe-potomac-dqchytr8g,alexandria.safety-event,1773774132118000,derq,
IC,69b043b14365540011a25afb,1773159345155000,North Leg,0,,,,,alexandria,glebe-potomac-dqchytr8g,alexandria.safety-event,1773774132118000,derq,
IC,69b013757ef9d70012a7ade5,1773146995855000,Intersection Center,0,,,,,alexandria,glebe-potomac-dqchytr8g,alexandria.safety-event,1773774132118000,derq,
IC,69b040e38c5852001267a299,1773158627470000,North Leg,0,,,,,alexandria,glebe-potomac-dqchytr8g,alexandria.safety-event,1773774132118000,derq,
IC,69b09316b7a1340012c5e357,1773179670481000,North Leg,0,,,,,alexandria,glebe-potomac-dqchytr8g,alexandria.safety-event,1773774132118000,derq,
IC,69b0df268c5852001268b4c3,1773199141984000,Intersection Center,0,,,,,alexandria,glebe-potomac-dqchytr8g,alexandria.safety-event,1773774132118000,derq,
NM-VRU,69b07924c134df0013c2cb9c,1773173024433000,South Leg,0,,,Pedestrian,Passenger Vehicle,alexandria,glebe-potomac-dqchytr8g,alexandria.safety-event,1773774132118000,derq,
NM-VRU,69b07a208c585200126808ad,1773173276194000,North Leg,0,,,Pedestrian,Passenger Vehicle,alexandria,glebe-potomac-dqchytr8g,alexandria.safety-event,1773774132118000,derq,
IC,69b04ae57ef9d70012a80bee,1773161189126000,Intersection Center,0,,,,,alexandria,glebe-potomac-dqchytr8g,alexandria.safety-event,1773774132118000,derq,
IC,69b05c7b12a0560011aaf2c0,1773165691499000,Intersection Center,0,,,,,alexandria,glebe-potomac-dqchytr8g,alexandria.safety-event,1773774132118000,derq,
IC,69b0655112a0560011ab0217,1773167953243000,Intersection Center,0,,,,,alexandria,glebe-potomac-dqchytr8g,alexandria.safety-event,1773774132118000,derq,
IC,69b06ecd8c5852001267f461,1773170381003000,South Leg,0,,,,,alexandria,glebe-potomac-dqchytr8g,alexandria.safety-event,1773774132118000,derq,
IC,69b0959412a0560011ab5a58,1773180307897000,Intersection Center,0,,,,,alexandria,glebe-potomac-dqchytr8g,alexandria.safety-event,1773774132118000,derq,
IC,69b0e1574365540011a36aef,1773199702955000,Intersection Center,0,,,,,alexandria,glebe-potomac-dqchytr8g,alexandria.safety-event,1773774132118000,derq,
NM-VV,69b01da5c134df0013c22b13,1773149601546000,Intersection Center,0,,,Passenger Vehicle,Passenger Vehicle,alexandria,glebe-potomac-dqchytr8g,alexandria.safety-event,1773774132119000,derq,
STPV,69b0ecefb7a1340012c67907,1773202664068000,North Leg,0,North,,,,alexandria,glebe-potomac-dqchytr8g,alexandria.safety-event,1773775261078000,derq,
LCV,69b1cd94c134df0013c4f542,1773260180292000,South Leg,0,,,,,alexandria,glebe-potomac-dqchytr8g,alexandria.safety-event,1773775261079000,derq,
IC,69b12210c134df0013c3dcbc,1773216272153000,Intersection Center,0,,,,,alexandria,glebe-potomac-dqchytr8g,alexandria.safety-event,1773775261079000,derq,
IC,69b15d9023268a0012908fde,1773231504136000,Intersection Center,0,,,,,alexandria,glebe-potomac-dqchytr8g,alexandria.safety-event,1773775261079000,derq,
IC,69b18ec28c5852001269c1c4,1773244098515000,West Leg,0,,,,,alexandria,glebe-potomac-dqchytr8g,alexandria.safety-event,1773775261079000,derq,
IC,69b0f91e12a0560011abfcde,1773205790400000,Intersection Center,0,,,,,alexandria,glebe-potomac-dqchytr8g,alexandria.safety-event,1773775261079000,derq,
IC,69b165f423268a0012909d4f,1773233652619000,Intersection Center,0,,,,,alexandria,glebe-potomac-dqchytr8g,alexandria.safety-event,1773775261079000,derq,
IC,69b183ea8c5852001269aff1,1773241322203000,Intersection Center,0,,,,,alexandria,glebe-potomac-dqchytr8g,alexandria.safety-event,1773775261079000,derq,
IC,69b1d4b87ef9d70012aa9179,1773262008326000,Intersection Center,0,,,,,alexandria,glebe-potomac-dqchytr8g,alexandria.safety-event,1773775261079000,derq,
NM-VRU,69b1b2c823268a0012911f6a,1773253315805000,North Leg,0,,,Passenger Vehicle,Pedestrian,alexandria,glebe-potomac-dqchytr8g,alexandria.safety-event,1773775261079000,derq,
NM-VRU,69b15c47e1050200127a05bd,1773231172723000,Intersection Center,0,,,Pedestrian,Passenger Vehicle,alexandria,glebe-potomac-dqchytr8g,alexandria.safety-event,1773775261079000,derq,
IC,69b1dd15c134df0013c510df,1773264148932000,Intersection Center,0,,,,,alexandria,glebe-potomac-dqchytr8g,alexandria.safety-event,1773775261079000,derq,
IC,69b1a9a78c5852001269ef3c,1773250982706000,Intersection Center,0,,,,,alexandria,glebe-potomac-dqchytr8g,alexandria.safety-event,1773775261079000,derq,
IC,69b1d0ede1050200127acb01,1773261037055000,Intersection Center,0,,,,,alexandria,glebe-potomac-dqchytr8g,alexandria.safety-event,1773775261079000,derq,
LCV,69b18399e1050200127a45ae,1773241241453000,South Leg,0,,,,,alexandria,glebe-potomac-dqchytr8g,alexandria.safety-event,1773775261079000,derq,
LCV,69b1b94c7ef9d70012aa611a,1773254988263000,South Leg,0,,,,,alexandria,glebe-potomac-dqchytr8g,alexandria.safety-event,1773775261079000,derq,
IC,69b1b525e1050200127a99e4,1773253925426000,West Leg,0,,,,,alexandria,glebe-potomac-dqchytr8g,alexandria.safety-event,1773775261079000,derq,
NM-VV,69b1ae03e1050200127a8d69,1773252096937000,Intersection Center,0,,,Passenger Vehicle,Passenger Vehicle,alexandria,glebe-potomac-dqchytr8g,alexandria.safety-event,1773775261080000,derq,
NM-VRU,69b1b94fe1050200127aa172,1773254986861000,North Leg,0,,,Passenger Vehicle,Pedestrian,alexandria,glebe-potomac-dqchytr8g,alexandria.safety-event,1773775261080000,derq,
LCV,69b4871d0479770012c5e56a,1773438749167000,South Leg,0,,,,,alexandria,glebe-potomac-dqchytr8g,alexandria.safety-event,1773784919207000,derq,
LCV,69b488f5754ddb00138c0de7,1773439221041000,South Leg,0,,,,,alexandria,glebe-potomac-dqchytr8g,alexandria.safety-event,1773784919207000,derq,
LCV,69b44bb182848800124c9f47,1773423537776000,South Leg,0,,,,,alexandria,glebe-potomac-dqchytr8g,alexandria.safety-event,1773784919207000,derq,
LCV,69b44a43faa2eb0012e86031,1773423171633000,South Leg,0,,,,,alexandria,glebe-potomac-dqchytr8g,alexandria.safety-event,1773784919207000,derq,
LCV,69b418f182848800124c4b23,1773410544951000,South Leg,0,,,,,alexandria,glebe-potomac-dqchytr8g,alexandria.safety-event,1773784919207000,derq,
STPV,69b4bacefaa2eb0012e920e0,1773451975732000,North Leg,0,North,,,,alexandria,glebe-potomac-dqchytr8g,alexandria.safety-event,1773784919207000,derq,
STPV,69b4ad620479770012c6268a,1773448538996000,North Leg,0,North,,,,alexandria,glebe-potomac-dqchytr8g,alexandria.safety-event,1773784919207000,derq,
STPV,69b4a80882848800124d3d49,1773447168820000,North Leg,0,North,,,,alexandria,glebe-potomac-dqchytr8g,alexandria.safety-event,1773784919207000,derq,
IC,69b43dd582848800124c8828,1773419989792000,North Leg,0,,,,,alexandria,glebe-potomac-dqchytr8g,alexandria.safety-event,1773784919207000,derq,
IC,69b4476c0479770012c5788d,1773422444627000,North Leg,0,,,,,alexandria,glebe-potomac-dqchytr8g,alexandria.safety-event,1773784919207000,derq,
IC,69b45b8a0479770012c59a68,1773427594507000,Intersection Center,0,,,,,alexandria,glebe-potomac-dqchytr8g,alexandria.safety-event,1773784919207000,derq,
IC,69b465d4754ddb00138bd0ed,1773430227784000,Intersection Center,0,,,,,alexandria,glebe-potomac-dqchytr8g,alexandria.safety-event,1773784919207000,derq,
IC,69b469b2a938990012eb535c,1773431217884000,Intersection Center,0,,,,,alexandria,glebe-potomac-dqchytr8g,alexandria.safety-event,1773784919207000,derq,
IC,69b437a0754ddb00138b8210,1773418400319000,Intersection Center,0,,,,,alexandria,glebe-potomac-dqchytr8g,alexandria.safety-event,1773784919207000,derq,
IC,69b42d590479770012c54c88,1773415769176000,West Leg,0,,,,,alexandria,glebe-potomac-dqchytr8g,alexandria.safety-event,1773784919207000,derq,
NM-VRU,69b4a96dfaa2eb0012e90505,1773447529495000,South Leg,0,,,Passenger Vehicle,Pedestrian,alexandria,glebe-potomac-dqchytr8g,alexandria.safety-event,1773784919208000,derq,
IC,69b4723482848800124ce0e0,1773433396729000,West Leg,0,,,,,alexandria,glebe-potomac-dqchytr8g,alexandria.safety-event,1773784919208000,derq,
IC,69b487c9b3fbbc0013968a3e,1773438921589000,North Leg,0,,,,,alexandria,glebe-potomac-dqchytr8g,alexandria.safety-event,1773784919208000,derq,
IC,69b48d4ba938990012eb91a3,1773440331364000,Intersection Center,0,,,,,alexandria,glebe-potomac-dqchytr8g,alexandria.safety-event,1773784919208000,derq,
IC,69b48a91b3fbbc0013968f18,1773439633579000,South Leg,0,,,,,alexandria,glebe-potomac-dqchytr8g,alexandria.safety-event,1773784919208000,derq,
IC,69b4a8f2b3fbbc001396c2cc,1773447410228000,Intersection Center,0,,,,,alexandria,glebe-potomac-dqchytr8g,alexandria.safety-event,1773784919208000,derq,
IC,69b4989bb3fbbc001396a72d,1773443226688000,North Leg,0,,,,,alexandria,glebe-potomac-dqchytr8g,alexandria.safety-event,1773784919208000,derq,
NM-VRU,69b430a6a938990012eaf1f1,1773416611576000,South Leg,0,,,Passenger Vehicle,Pedestrian,alexandria,glebe-potomac-dqchytr8g,alexandria.safety-event,1773784919208000,derq,
NM-VRU,69b3f63c82848800124c148f,1773401656284000,South Leg,0,,,Pedestrian,Passenger Vehicle,alexandria,glebe-potomac-dqchytr8g,alexandria.safety-event,1773784919208000,derq,
IC,69b4c239faa2eb0012e92ca4,1773453881526000,Intersection Center,0,,,,,alexandria,glebe-potomac-dqchytr8g,alexandria.safety-event,1773784919208000,derq,
NM-VRU,69b4736fa938990012eb647b,1773433708747000,South Leg,0,,,Passenger Vehicle,Pedestrian,alexandria,glebe-potomac-dqchytr8g,alexandria.safety-event,1773784919208000,derq,
LCV,69b8015a754ddb00139170c9,1773666650180000,South Leg,0,,,,,alexandria,glebe-potomac-dqchytr8g,alexandria.safety-event,1773799324123000,derq,
LCV,69b802c08284880012526674,1773667008844000,South Leg,0,,,,,alexandria,glebe-potomac-dqchytr8g,alexandria.safety-event,1773799324123000,derq,
IC,69b826a98284880012529f97,1773676201624000,Intersection Center,0,,,,,alexandria,glebe-potomac-dqchytr8g,alexandria.safety-event,1773799324123000,derq,
LCV,69b83c65754ddb001391d085,1773681765643000,North Leg,0,,,,,alexandria,glebe-potomac-dqchytr8g,alexandria.safety-event,1773799324123000,derq,
WWD,69b8a6b782848800125372e6,1773708983043000,West Leg,0,West,,,,alexandria,glebe-potomac-dqchytr8g,alexandria.safety-event,1773799324123000,derq,
IC,69b839240479770012cb9b5c,1773680932452000,Intersection Center,0,,,,,alexandria,glebe-potomac-dqchytr8g,alexandria.safety-event,1773799324124000,derq,
IC,69b89f63754ddb00139275d4,1773707104368000,North Leg,0,,,,,alexandria,glebe-potomac-dqchytr8g,alexandria.safety-event,1773799324124000,derq,
NM-VV,69b823a1faa2eb0012ee5b0c,1773675423023000,Intersection Center,0,,,Passenger Vehicle,Passenger Vehicle,alexandria,glebe-potomac-dqchytr8g,alexandria.safety-event,1773799324124000,derq,
IC,69b881f0828488001253376f,1773699568170000,North Leg,0,,,,,alexandria,glebe-potomac-dqchytr8g,alexandria.safety-event,1773799324124000,derq,
IC,69b89e66faa2eb0012ef2745,1773706852832000,Intersection Center,0,,,,,alexandria,glebe-potomac-dqchytr8g,alexandria.safety-event,1773799324124000,derq,
WWD,69ba02f7828488001255980f,1773798135361000,West Leg,0,West,,,,alexandria,glebe-potomac-dqchytr8g,alexandria.safety-event,1773806415368000,derq,
STPV,69ba11f0828488001255aedb,1773801961418000,North Leg,0,North,,,,alexandria,glebe-potomac-dqchytr8g,alexandria.safety-event,1773806415368000,derq,
IC,69ba1063b3fbbc00139f38ad,1773801571557000,Intersection Center,0,,,,,alexandria,glebe-potomac-dqchytr8g,alexandria.safety-event,1773806415369000,derq,
IC,69b9f438b3fbbc00139f0c2e,1773794360155000,Intersection Center,0,,,,,alexandria,glebe-potomac-dqchytr8g,alexandria.safety-event,1773806415369000,derq,
IC,69ba0974faa2eb0012f1654b,1773799796149000,Intersection Center,0,,,,,alexandria,glebe-potomac-dqchytr8g,alexandria.safety-event,1773806415369000,derq,
IC,69b9e8a50479770012ce4ea7,1773791396922000,Intersection Center,0,,,,,alexandria,glebe-potomac-dqchytr8g,alexandria.safety-event,1773806415369000,derq,
IC,69b9de35754ddb0013946cec,1773788725553000,Intersection Center,0,,,,,alexandria,glebe-potomac-dqchytr8g,alexandria.safety-event,1773806415369000,derq,
IC,69b9da07828488001255550f,1773787655673000,Intersection Center,0,,,,,alexandria,glebe-potomac-dqchytr8g,alexandria.safety-event,1773806415369000,derq,
IC,69b9d33582848800125549a8,1773785909229000,Intersection Center,0,,,,,alexandria,glebe-potomac-dqchytr8g,alexandria.safety-event,1773806415369000,derq,
IC,69b9d0cf0479770012ce2626,1773785295569000,Intersection Center,0,,,,,alexandria,glebe-potomac-dqchytr8g,alexandria.safety-event,1773806415369000,derq,
LCV,69ba04400479770012ce7b6c,1773798464325000,South Leg,0,,,,,alexandria,glebe-potomac-dqchytr8g,alexandria.safety-event,1773806415369000,derq,
IC,69b9d5778284880012554d60,1773786487848000,Intersection Center,0,,,,,alexandria,glebe-potomac-dqchytr8g,alexandria.safety-event,1773806415369000,derq,
IC,69ba1e020479770012cea2f2,1773805058148000,Intersection Center,0,,,,,alexandria,glebe-potomac-dqchytr8g,alexandria.safety-event,1773810016844000,derq,
IC,69ba2d5c0479770012ceba42,1773808988600000,Intersection Center,0,,,,,alexandria,glebe-potomac-dqchytr8g,alexandria.safety-event,1773813723271000,derq,
IC,69baab88b3fbbc0013a01d83,1773841288436000,Intersection Center,0,,,,,alexandria,glebe-potomac-dqchytr8g,alexandria.safety-event,1773846018648000,derq,
LCV,69bad4b4828488001256d54e,1773851828047000,South Leg,0,,,,,alexandria,glebe-potomac-dqchytr8g,alexandria.safety-event,1773856943768000,derq,
IC,69bad640754ddb001395e904,1773852224317000,South Leg,0,,,,,alexandria,glebe-potomac-dqchytr8g,alexandria.safety-event,1773856943768000,derq,
IC,69badcdcfaa2eb0012f2a520,1773853916543000,Intersection Center,0,,,,,alexandria,glebe-potomac-dqchytr8g,alexandria.safety-event,1773860536757000,derq,
LCV,69bae238828488001256ebe4,1773855288629000,South Leg,0,,,,,alexandria,glebe-potomac-dqchytr8g,alexandria.safety-event,1773860536757000,derq,
LCV,69bada17a938990012f56ddc,1773853207735000,South Leg,0,,,,,alexandria,glebe-potomac-dqchytr8g,alexandria.safety-event,1773860536757000,derq,
LCV,69bae39c828488001256ee2a,1773855643916000,South Leg,0,,,,,alexandria,glebe-potomac-dqchytr8g,alexandria.safety-event,1773860536757000,derq,
LCV,69baeaa00479770012cfdde7,1773857440378000,South Leg,0,,,,,alexandria,glebe-potomac-dqchytr8g,alexandria.safety-event,1773864018135000,derq,
IC,69bb05840479770012d00746,1773864324705000,Intersection Center,0,,,,,alexandria,glebe-potomac-dqchytr8g,alexandria.safety-event,1773871338585000,derq,"{""EventType"":""IC"",""EventId"":""69bb05840479770012d00746"",""TimeAtSite"":""2026-03-18T16:05:24.705"",""DetectionArea"":""Intersection Center"",""CameraId"":""0""}"
IC,69bb12ba0479770012d02303,1773867705808000,Intersection Center,0,,,,,alexandria,glebe-potomac-dqchytr8g,alexandria.safety-event,1773874814164000,derq,"{""EventType"":""IC"",""EventId"":""69bb12ba0479770012d02303"",""TimeAtSite"":""2026-03-18T17:01:45.808"",""DetectionArea"":""Intersection Center"",""CameraId"":""0""}"
IC,69bb1fb70479770012d039d4,1773871031204000,North Leg,0,,,,,alexandria,glebe-potomac-dqchytr8g,alexandria.safety-event,1773874814164000,derq,"{""EventType"":""IC"",""EventId"":""69bb1fb70479770012d039d4"",""TimeAtSite"":""2026-03-18T17:57:11.204"",""DetectionArea"":""North Leg"",""CameraId"":""0""}"
IC,69bb6a2fb896cf00128c9adf,1773890095623000,Intersection Center,0,,,,,alexandria,glebe-potomac-dqchytr8g,alexandria.safety-event,1773896419865000,derq,"{""EventType"":""IC"",""EventId"":""69bb6a2fb896cf00128c9adf"",""TimeAtSite"":""2026-03-18T23:14:55.623"",""DetectionArea"":""Intersection Center"",""CameraId"":""0""}"
LCV,69bb796d828488001257e609,1773893996486000,South Leg,0,,,,,alexandria,glebe-potomac-dqchytr8g,alexandria.safety-event,1773900142022000,derq,"{""EventType"":""LCV"",""EventId"":""69bb796d828488001257e609"",""TimeAtSite"":""2026-03-19T00:19:56.486"",""DetectionArea"":""South Leg"",""CameraId"":""0""}"
NM-VV,69bbf862725e790012c24d79,1773926494604000,Intersection Center,0,,,Passenger Vehicle,Passenger Vehicle,alexandria,glebe-potomac-dqchytr8g,alexandria.safety-event,1773932538192000,derq,"{""EventType"":""NM-VV"",""EventId"":""69bbf862725e790012c24d79"",""TimeAtSite"":""2026-03-19T09:21:34.604"",""DetectionArea"":""Intersection Center"",""CameraId"":""0"",""Object1Class"":""Passenger Vehicle"",""Object2Class"":""Passenger Vehicle""}"
IC,69bc84378284880012598f38,1773962295562000,Intersection Center,0,,,,,alexandria,glebe-potomac-dqchytr8g,alexandria.safety-event,1773968422634000,derq,"{""EventType"":""IC"",""EventId"":""69bc84378284880012598f38"",""TimeAtSite"":""2026-03-19T19:18:15.562"",""DetectionArea"":""Intersection Center"",""CameraId"":""0""}"
IC,69bc82cb725e790012c339c0,1773961931640000,Intersection Center,0,,,,,alexandria,glebe-potomac-dqchytr8g,alexandria.safety-event,1773968422634000,derq,"{""EventType"":""IC"",""EventId"":""69bc82cb725e790012c339c0"",""TimeAtSite"":""2026-03-19T19:12:11.640"",""DetectionArea"":""Intersection Center"",""CameraId"":""0""}"
IC,69bca6fffaa2eb0012f58d5e,1773971199349000,Intersection Center,0,,,,,alexandria,glebe-potomac-dqchytr8g,alexandria.safety-event,1773975740956000,derq,"{""EventType"":""IC"",""EventId"":""69bca6fffaa2eb0012f58d5e"",""TimeAtSite"":""2026-03-19T21:46:39.349"",""DetectionArea"":""Intersection Center"",""CameraId"":""0""}"
IC,69bc9fb0754ddb001398d220,1773969328105000,North Leg,0,,,,,alexandria,glebe-potomac-dqchytr8g,alexandria.safety-event,1773975740956000,derq,"{""EventType"":""IC"",""EventId"":""69bc9fb0754ddb001398d220"",""TimeAtSite"":""2026-03-19T21:15:28.105"",""DetectionArea"":""North Leg"",""CameraId"":""0""}"
IC,69bcb3acb3fbbc0013a370ed,1773974443916000,Intersection Center,0,,,,,alexandria,glebe-potomac-dqchytr8g,alexandria.safety-event,1773979347259000,derq,"{""EventType"":""IC"",""EventId"":""69bcb3acb3fbbc0013a370ed"",""TimeAtSite"":""2026-03-19T22:40:43.916"",""DetectionArea"":""Intersection Center"",""CameraId"":""0""}"
STPV,69c20d9882848800126256bb,1774325137366000,North Leg,0,North,,,,alexandria,glebe-potomac-dqchytr8g,alexandria.safety-event,1774483500961000,derq,"{""EventType"":""STPV"",""EventId"":""69c20d9882848800126256bb"",""TimeAtSite"":""2026-03-24T00:05:37.366"",""DetectionArea"":""North Leg"",""CameraId"":""0"",""Direction"":""North""}"
LCV,69c280db754ddb0013a22227,1774354650925000,South Leg,0,,,,,alexandria,glebe-potomac-dqchytr8g,alexandria.safety-event,1774551902931000,derq,"{""EventType"":""LCV"",""EventId"":""69c280db754ddb0013a22227"",""TimeAtSite"":""2026-03-24T08:17:30.925"",""DetectionArea"":""South Leg"",""CameraId"":""0""}"
LCV,69c285f1754ddb0013a22a55,1774355952892000,South Leg,0,,,,,alexandria,glebe-potomac-dqchytr8g,alexandria.safety-event,1774551902931000,derq,"{""EventType"":""LCV"",""EventId"":""69c285f1754ddb0013a22a55"",""TimeAtSite"":""2026-03-24T08:39:12.892"",""DetectionArea"":""South Leg"",""CameraId"":""0""}"
LCV,69c24ce4b3fbbc0013ac525d,1774341348405000,North Leg,0,,,,,alexandria,glebe-potomac-dqchytr8g,alexandria.safety-event,1774551902931000,derq,"{""EventType"":""LCV"",""EventId"":""69c24ce4b3fbbc0013ac525d"",""TimeAtSite"":""2026-03-24T04:35:48.405"",""DetectionArea"":""North Leg"",""CameraId"":""0""}"
LCV,69c293e5b3fbbc0013acbe9f,1774359525324000,South Leg,0,,,,,alexandria,glebe-potomac-dqchytr8g,alexandria.safety-event,1774551902931000,derq,"{""EventType"":""LCV"",""EventId"":""69c293e5b3fbbc0013acbe9f"",""TimeAtSite"":""2026-03-24T09:38:45.324"",""DetectionArea"":""South Leg"",""CameraId"":""0""}"
IC,69c263395c6a9b001231e3e4,1774347065857000,North Leg,0,,,,,alexandria,glebe-potomac-dqchytr8g,alexandria.safety-event,1774551902932000,derq,"{""EventType"":""IC"",""EventId"":""69c263395c6a9b001231e3e4"",""TimeAtSite"":""2026-03-24T06:11:05.857"",""DetectionArea"":""North Leg"",""CameraId"":""0""}"
NM-VRU,69c281528284880012630224,1774354768032000,North Leg,0,,,Passenger Vehicle,Pedestrian,alexandria,glebe-potomac-dqchytr8g,alexandria.safety-event,1774551902932000,derq,"{""EventType"":""NM-VRU"",""EventId"":""69c281528284880012630224"",""TimeAtSite"":""2026-03-24T08:19:28.032"",""DetectionArea"":""North Leg"",""CameraId"":""0"",""Object1Class"":""Passenger Vehicle"",""Object2Class"":""Pedestrian""}"
NM-VRU,69c28d015c6a9b0012322504,1774357758763000,West Leg,0,,,Pedestrian,Passenger Vehicle,alexandria,glebe-potomac-dqchytr8g,alexandria.safety-event,1774551902932000,derq,"{""EventType"":""NM-VRU"",""EventId"":""69c28d015c6a9b0012322504"",""TimeAtSite"":""2026-03-24T09:09:18.763"",""DetectionArea"":""West Leg"",""CameraId"":""0"",""Object1Class"":""Pedestrian"",""Object2Class"":""Passenger Vehicle""}"
NM-VRU,69c280d4754ddb0013a2221d,1774354641682000,South Leg,0,,,Bicycle,Passenger Vehicle,alexandria,glebe-potomac-dqchytr8g,alexandria.safety-event,1774551902932000,derq,"{""EventType"":""NM-VRU"",""EventId"":""69c280d4754ddb0013a2221d"",""TimeAtSite"":""2026-03-24T08:17:21.682"",""DetectionArea"":""South Leg"",""CameraId"":""0"",""Object1Class"":""Bicycle"",""Object2Class"":""Passenger Vehicle""}"
IC,69c2e631828488001263acf0,1774380593094000,Intersection Center,0,,,,,alexandria,glebe-potomac-dqchytr8g,alexandria.safety-event,1774555501092000,derq,"{""EventType"":""IC"",""EventId"":""69c2e631828488001263acf0"",""TimeAtSite"":""2026-03-24T15:29:53.094"",""DetectionArea"":""Intersection Center"",""CameraId"":""0""}"
IC,69c29f275c6a9b0012324332,1774362407538000,Intersection Center,0,,,,,alexandria,glebe-potomac-dqchytr8g,alexandria.safety-event,1774555501092000,derq,"{""EventType"":""IC"",""EventId"":""69c29f275c6a9b0012324332"",""TimeAtSite"":""2026-03-24T10:26:47.538"",""DetectionArea"":""Intersection Center"",""CameraId"":""0""}"
STPV,69c29f435c6a9b001232434b,1774362427893000,South Leg,0,South,,,,alexandria,glebe-potomac-dqchytr8g,alexandria.safety-event,1774555501092000,derq,"{""EventType"":""STPV"",""EventId"":""69c29f435c6a9b001232434b"",""TimeAtSite"":""2026-03-24T10:27:07.893"",""DetectionArea"":""South Leg"",""CameraId"":""0"",""Direction"":""South""}"
IC,69c2fb5d828488001263d256,1774386013547000,Intersection Center,0,,,,,alexandria,glebe-potomac-dqchytr8g,alexandria.safety-event,1774555501092000,derq,"{""EventType"":""IC"",""EventId"":""69c2fb5d828488001263d256"",""TimeAtSite"":""2026-03-24T17:00:13.547"",""DetectionArea"":""Intersection Center"",""CameraId"":""0""}"
LCV,69c2fe24754ddb0013a2f8b2,1774386723839000,South Leg,0,,,,,alexandria,glebe-potomac-dqchytr8g,alexandria.safety-event,1774555501092000,derq,"{""EventType"":""LCV"",""EventId"":""69c2fe24754ddb0013a2f8b2"",""TimeAtSite"":""2026-03-24T17:12:03.839"",""DetectionArea"":""South Leg"",""CameraId"":""0""}"
STPV,69c29fe3b3fbbc0013acd284,1774362588414000,North Leg,0,North,,,,alexandria,glebe-potomac-dqchytr8g,alexandria.safety-event,1774555501092000,derq,"{""EventType"":""STPV"",""EventId"":""69c29fe3b3fbbc0013acd284"",""TimeAtSite"":""2026-03-24T10:29:48.414"",""DetectionArea"":""North Leg"",""CameraId"":""0"",""Direction"":""North""}"
IC,69c2e01f754ddb0013a2c37a,1774379039354000,Intersection Center,0,,,,,alexandria,glebe-potomac-dqchytr8g,alexandria.safety-event,1774555501092000,derq,"{""EventType"":""IC"",""EventId"":""69c2e01f754ddb0013a2c37a"",""TimeAtSite"":""2026-03-24T15:03:59.354"",""DetectionArea"":""Intersection Center"",""CameraId"":""0""}"
IC,69c301ad7bdcb4001215560b,1774387629709000,North Leg,0,,,,,alexandria,glebe-potomac-dqchytr8g,alexandria.safety-event,1774555501092000,derq,"{""EventType"":""IC"",""EventId"":""69c301ad7bdcb4001215560b"",""TimeAtSite"":""2026-03-24T17:27:09.709"",""DetectionArea"":""North Leg"",""CameraId"":""0""}"
LCV,69c2dcc0b3fbbc0013ad3c15,1774378176701000,South Leg,0,,,,,alexandria,glebe-potomac-dqchytr8g,alexandria.safety-event,1774555501092000,derq,"{""EventType"":""LCV"",""EventId"":""69c2dcc0b3fbbc0013ad3c15"",""TimeAtSite"":""2026-03-24T14:49:36.701"",""DetectionArea"":""South Leg"",""CameraId"":""0""}"
NM-VRU,69c2ec99754ddb0013a2d9c7,1774382229757000,South Leg,0,,,Pedestrian,Passenger Vehicle,alexandria,glebe-potomac-dqchytr8g,alexandria.safety-event,1774555501092000,derq,"{""EventType"":""NM-VRU"",""EventId"":""69c2ec99754ddb0013a2d9c7"",""TimeAtSite"":""2026-03-24T15:57:09.757"",""DetectionArea"":""South Leg"",""CameraId"":""0"",""Object1Class"":""Pedestrian"",""Object2Class"":""Passenger Vehicle""}"
IC,69c3a3f77bdcb40012165393,1774429175041000,Intersection Center,0,,,,,alexandria,glebe-potomac-dqchytr8g,alexandria.safety-event,1774569903732000,derq,"{""EventType"":""IC"",""EventId"":""69c3a3f77bdcb40012165393"",""TimeAtSite"":""2026-03-25T04:59:35.041"",""DetectionArea"":""Intersection Center"",""CameraId"":""0""}"
NM-VRU,69c3d778754ddb0013a449e7,1774442355895000,South Leg,0,,,Pedestrian,Passenger Vehicle,alexandria,glebe-potomac-dqchytr8g,alexandria.safety-event,1774569903732000,derq,"{""EventType"":""NM-VRU"",""EventId"":""69c3d778754ddb0013a449e7"",""TimeAtSite"":""2026-03-25T08:39:15.895"",""DetectionArea"":""South Leg"",""CameraId"":""0"",""Object1Class"":""Pedestrian"",""Object2Class"":""Passenger Vehicle""}"
NM-VRU,69c3cb37828488001265156e,1774439220213000,North Leg,0,,,Passenger Vehicle,Pedestrian,alexandria,glebe-potomac-dqchytr8g,alexandria.safety-event,1774569903732000,derq,"{""EventType"":""NM-VRU"",""EventId"":""69c3cb37828488001265156e"",""TimeAtSite"":""2026-03-25T07:47:00.213"",""DetectionArea"":""North Leg"",""CameraId"":""0"",""Object1Class"":""Passenger Vehicle"",""Object2Class"":""Pedestrian""}"
STPV,69c3df37754ddb0013a456fd,1774444336381000,North Leg,0,North,,,,alexandria,glebe-potomac-dqchytr8g,alexandria.safety-event,1774569903732000,derq,"{""EventType"":""STPV"",""EventId"":""69c3df37754ddb0013a456fd"",""TimeAtSite"":""2026-03-25T09:12:16.381"",""DetectionArea"":""North Leg"",""CameraId"":""0"",""Direction"":""North""}"
NM-VRU,69c3e9f2b3fbbc0013aee8d8,1774447086415000,North Leg,0,,,Pedestrian,Passenger Vehicle,alexandria,glebe-potomac-dqchytr8g,alexandria.safety-event,1774569903733000,derq,"{""EventType"":""NM-VRU"",""EventId"":""69c3e9f2b3fbbc0013aee8d8"",""TimeAtSite"":""2026-03-25T09:58:06.415"",""DetectionArea"":""North Leg"",""CameraId"":""0"",""Object1Class"":""Pedestrian"",""Object2Class"":""Passenger Vehicle""}"
IC,69c43356828488001265c7bd,1774465878124000,Intersection Center,0,,,,,alexandria,glebe-potomac-dqchytr8g,alexandria.safety-event,1774573501409000,derq,"{""EventType"":""IC"",""EventId"":""69c43356828488001265c7bd"",""TimeAtSite"":""2026-03-25T15:11:18.124"",""DetectionArea"":""Intersection Center"",""CameraId"":""0""}"
IC,69c43810faa2eb0012019e71,1774467088184000,Intersection Center,0,,,,,alexandria,glebe-potomac-dqchytr8g,alexandria.safety-event,1774573501409000,derq,"{""EventType"":""IC"",""EventId"":""69c43810faa2eb0012019e71"",""TimeAtSite"":""2026-03-25T15:31:28.184"",""DetectionArea"":""Intersection Center"",""CameraId"":""0""}"
NM-VRU,69c411455c6a9b001234a2b6,1774457153727000,Intersection Center,0,,,Pedestrian,Passenger Vehicle,alexandria,glebe-potomac-dqchytr8g,alexandria.safety-event,1774573501409000,derq,"{""EventType"":""NM-VRU"",""EventId"":""69c411455c6a9b001234a2b6"",""TimeAtSite"":""2026-03-25T12:45:53.727"",""DetectionArea"":""Intersection Center"",""CameraId"":""0"",""Object1Class"":""Pedestrian"",""Object2Class"":""Passenger Vehicle""}"
IC,69c456135c6a9b0012351f29,1774474771144000,Intersection Center,0,,,,,alexandria,glebe-potomac-dqchytr8g,alexandria.safety-event,1774573501409000,derq,"{""EventType"":""IC"",""EventId"":""69c456135c6a9b0012351f29"",""TimeAtSite"":""2026-03-25T17:39:31.144"",""DetectionArea"":""Intersection Center"",""CameraId"":""0""}"
IC,69c457005c6a9b00123520d5,1774475008241000,Intersection Center,0,,,,,alexandria,glebe-potomac-dqchytr8g,alexandria.safety-event,1774573501409000,derq,"{""EventType"":""IC"",""EventId"":""69c457005c6a9b00123520d5"",""TimeAtSite"":""2026-03-25T17:43:28.241"",""DetectionArea"":""Intersection Center"",""CameraId"":""0""}"
STPV,69c403247bdcb4001216ecb4,1774453533718000,South Leg,0,South,,,,alexandria,glebe-potomac-dqchytr8g,alexandria.safety-event,1774573501409000,derq,"{""EventType"":""STPV"",""EventId"":""69c403247bdcb4001216ecb4"",""TimeAtSite"":""2026-03-25T11:45:33.718"",""DetectionArea"":""South Leg"",""CameraId"":""0"",""Direction"":""South""}"
IC,69c43a62828488001265d479,1774467681537000,Intersection Center,0,,,,,alexandria,glebe-potomac-dqchytr8g,alexandria.safety-event,1774573501409000,derq,"{""EventType"":""IC"",""EventId"":""69c43a62828488001265d479"",""TimeAtSite"":""2026-03-25T15:41:21.537"",""DetectionArea"":""Intersection Center"",""CameraId"":""0""}"
IC,69c41a79754ddb0013a4bcbd,1774459513793000,North Leg,0,,,,,alexandria,glebe-potomac-dqchytr8g,alexandria.safety-event,1774573501409000,derq,"{""EventType"":""IC"",""EventId"":""69c41a79754ddb0013a4bcbd"",""TimeAtSite"":""2026-03-25T13:25:13.793"",""DetectionArea"":""North Leg"",""CameraId"":""0""}"
IC,69c459595c6a9b00123524f8,1774475609552000,North Leg,0,,,,,alexandria,glebe-potomac-dqchytr8g,alexandria.safety-event,1774573501409000,derq,"{""EventType"":""IC"",""EventId"":""69c459595c6a9b00123524f8"",""TimeAtSite"":""2026-03-25T17:53:29.552"",""DetectionArea"":""North Leg"",""CameraId"":""0""}"
LCV,69c41fb7754ddb0013a4c5a5,1774460855705000,South Leg,0,,,,,alexandria,glebe-potomac-dqchytr8g,alexandria.safety-event,1774573501409000,derq,"{""EventType"":""LCV"",""EventId"":""69c41fb7754ddb0013a4c5a5"",""TimeAtSite"":""2026-03-25T13:47:35.705"",""DetectionArea"":""South Leg"",""CameraId"":""0""}"
LCV,69c40a838284880012658025,1774455427157000,South Leg,0,,,,,alexandria,glebe-potomac-dqchytr8g,alexandria.safety-event,1774573501409000,derq,"{""EventType"":""LCV"",""EventId"":""69c40a838284880012658025"",""TimeAtSite"":""2026-03-25T12:17:07.157"",""DetectionArea"":""South Leg"",""CameraId"":""0""}"
IC,69c40d52b3fbbc0013af2684,1774456146121000,Intersection Center,0,,,,,alexandria,glebe-potomac-dqchytr8g,alexandria.safety-event,1774573501409000,derq,"{""EventType"":""IC"",""EventId"":""69c40d52b3fbbc0013af2684"",""TimeAtSite"":""2026-03-25T12:29:06.121"",""DetectionArea"":""Intersection Center"",""CameraId"":""0""}"
IC,69c4194a7bdcb400121713da,1774459210307000,North Leg,0,,,,,alexandria,glebe-potomac-dqchytr8g,alexandria.safety-event,1774573501409000,derq,"{""EventType"":""IC"",""EventId"":""69c4194a7bdcb400121713da"",""TimeAtSite"":""2026-03-25T13:20:10.307"",""DetectionArea"":""North Leg"",""CameraId"":""0""}"
IC,69c40d667bdcb4001216fef8,1774456166569000,North Leg,0,,,,,alexandria,glebe-potomac-dqchytr8g,alexandria.safety-event,1774573501409000,derq,"{""EventType"":""IC"",""EventId"":""69c40d667bdcb4001216fef8"",""TimeAtSite"":""2026-03-25T12:29:26.569"",""DetectionArea"":""North Leg"",""CameraId"":""0""}"
NM-VRU,69c419c5faa2eb00120168fd,1774459328056000,West Leg,0,,,Bus,Pedestrian,alexandria,glebe-potomac-dqchytr8g,alexandria.safety-event,1774573501410000,derq,"{""EventType"":""NM-VRU"",""EventId"":""69c419c5faa2eb00120168fd"",""TimeAtSite"":""2026-03-25T13:22:08.056"",""DetectionArea"":""West Leg"",""CameraId"":""0"",""Object1Class"":""Bus"",""Object2Class"":""Pedestrian""}"
IC,69c4760c754ddb0013a55f9c,1774482956164000,West Leg,0,,,,,alexandria,glebe-potomac-dqchytr8g,alexandria.safety-event,1774577101531000,derq,"{""EventType"":""IC"",""EventId"":""69c4760c754ddb0013a55f9c"",""TimeAtSite"":""2026-03-25T19:55:56.164"",""DetectionArea"":""West Leg"",""CameraId"":""0""}"
IC,69c4a5ee8284880012668c70,1774495213942000,Intersection Center,0,,,,,alexandria,glebe-potomac-dqchytr8g,alexandria.safety-event,1774577101531000,derq,"{""EventType"":""IC"",""EventId"":""69c4a5ee8284880012668c70"",""TimeAtSite"":""2026-03-25T23:20:13.942"",""DetectionArea"":""Intersection Center"",""CameraId"":""0""}"
LCV,69c47ea07bdcb4001217c84b,1774485152160000,South Leg,0,,,,,alexandria,glebe-potomac-dqchytr8g,alexandria.safety-event,1774577101531000,derq,"{""EventType"":""LCV"",""EventId"":""69c47ea07bdcb4001217c84b"",""TimeAtSite"":""2026-03-25T20:32:32.160"",""DetectionArea"":""South Leg"",""CameraId"":""0""}"
IC,69c47360faa2eb0012020945,1774482271916000,West Leg,0,,,,,alexandria,glebe-potomac-dqchytr8g,alexandria.safety-event,1774577101531000,derq,"{""EventType"":""IC"",""EventId"":""69c47360faa2eb0012020945"",""TimeAtSite"":""2026-03-25T19:44:31.916"",""DetectionArea"":""West Leg"",""CameraId"":""0""}"
IC,69c46544754ddb0013a54230,1774478659267000,Intersection Center,0,,,,,alexandria,glebe-potomac-dqchytr8g,alexandria.safety-event,1774577101531000,derq,"{""EventType"":""IC"",""EventId"":""69c46544754ddb0013a54230"",""TimeAtSite"":""2026-03-25T18:44:19.267"",""DetectionArea"":""Intersection Center"",""CameraId"":""0""}"
STPV,69c49265754ddb0013a58e6c,1774490206528000,North Leg,0,North,,,,alexandria,glebe-potomac-dqchytr8g,alexandria.safety-event,1774577101531000,derq,"{""EventType"":""STPV"",""EventId"":""69c49265754ddb0013a58e6c"",""TimeAtSite"":""2026-03-25T21:56:46.528"",""DetectionArea"":""North Leg"",""CameraId"":""0"",""Direction"":""North""}"
IC,69c49d38754ddb0013a59fcc,1774492984387000,Intersection Center,0,,,,,alexandria,glebe-potomac-dqchytr8g,alexandria.safety-event,1774577101531000,derq,"{""EventType"":""IC"",""EventId"":""69c49d38754ddb0013a59fcc"",""TimeAtSite"":""2026-03-25T22:43:04.387"",""DetectionArea"":""Intersection Center"",""CameraId"":""0""}"
IC,69c494bab3fbbc0013b01431,1774490810679000,Intersection Center,0,,,,,alexandria,glebe-potomac-dqchytr8g,alexandria.safety-event,1774577101531000,derq,"{""EventType"":""IC"",""EventId"":""69c494bab3fbbc0013b01431"",""TimeAtSite"":""2026-03-25T22:06:50.679"",""DetectionArea"":""Intersection Center"",""CameraId"":""0""}"
IC,69c467855c6a9b0012353ed2,1774479236870000,Intersection Center,0,,,,,alexandria,glebe-potomac-dqchytr8g,alexandria.safety-event,1774577101531000,derq,"{""EventType"":""IC"",""EventId"":""69c467855c6a9b0012353ed2"",""TimeAtSite"":""2026-03-25T18:53:56.870"",""DetectionArea"":""Intersection Center"",""CameraId"":""0""}"
IC,69c466837bdcb40012179e40,1774478979069000,Intersection Center,0,,,,,alexandria,glebe-potomac-dqchytr8g,alexandria.safety-event,1774577101531000,derq,"{""EventType"":""IC"",""EventId"":""69c466837bdcb40012179e40"",""TimeAtSite"":""2026-03-25T18:49:39.069"",""DetectionArea"":""Intersection Center"",""CameraId"":""0""}"
IC,69c47627754ddb0013a55fc0,1774482983727000,West Leg,0,,,,,alexandria,glebe-potomac-dqchytr8g,alexandria.safety-event,1774577101531000,derq,"{""EventType"":""IC"",""EventId"":""69c47627754ddb0013a55fc0"",""TimeAtSite"":""2026-03-25T19:56:23.727"",""DetectionArea"":""West Leg"",""CameraId"":""0""}"
NM-VRU,69c46e687bdcb4001217ac1e,1774480995880000,South Leg,0,,,Pedestrian,Passenger Vehicle,alexandria,glebe-potomac-dqchytr8g,alexandria.safety-event,1774577101531000,derq,"{""EventType"":""NM-VRU"",""EventId"":""69c46e687bdcb4001217ac1e"",""TimeAtSite"":""2026-03-25T19:23:15.880"",""DetectionArea"":""South Leg"",""CameraId"":""0"",""Object1Class"":""Pedestrian"",""Object2Class"":""Passenger Vehicle""}"
NM-VRU,69c51f785c6a9b0012366008,1774526324699000,North Leg,0,,,Pedestrian,Passenger Vehicle,alexandria,glebe-potomac-dqchytr8g,alexandria.safety-event,1774580701503000,derq,"{""EventType"":""NM-VRU"",""EventId"":""69c51f785c6a9b0012366008"",""TimeAtSite"":""2026-03-26T07:58:44.699"",""DetectionArea"":""North Leg"",""CameraId"":""0"",""Object1Class"":""Pedestrian"",""Object2Class"":""Passenger Vehicle""}"
NM-VRU,69c526dc5c6a9b0012366bd9,1774528216864000,South Leg,0,,,Passenger Vehicle,Pedestrian,alexandria,glebe-potomac-dqchytr8g,alexandria.safety-event,1774580701503000,derq,"{""EventType"":""NM-VRU"",""EventId"":""69c526dc5c6a9b0012366bd9"",""TimeAtSite"":""2026-03-26T08:30:16.864"",""DetectionArea"":""South Leg"",""CameraId"":""0"",""Object1Class"":""Passenger Vehicle"",""Object2Class"":""Pedestrian""}"
NM-VV,69c5105afaa2eb001202fd57,1774522432662000,Intersection Center,0,,,Passenger Vehicle,Passenger Vehicle,alexandria,glebe-potomac-dqchytr8g,alexandria.safety-event,1774580701503000,derq,"{""EventType"":""NM-VV"",""EventId"":""69c5105afaa2eb001202fd57"",""TimeAtSite"":""2026-03-26T06:53:52.662"",""DetectionArea"":""Intersection Center"",""CameraId"":""0"",""Object1Class"":""Passenger Vehicle"",""Object2Class"":""Passenger Vehicle""}"
STPV,69c50777754ddb0013a63f4d,1774520176392000,North Leg,0,North,,,,alexandria,glebe-potomac-dqchytr8g,alexandria.safety-event,1774580701503000,derq,"{""EventType"":""STPV"",""EventId"":""69c50777754ddb0013a63f4d"",""TimeAtSite"":""2026-03-26T06:16:16.392"",""DetectionArea"":""North Leg"",""CameraId"":""0"",""Direction"":""North""}"
STPV,69c580a8754ddb0013a707d7,1774551201338000,North Leg,0,North,,,,alexandria,glebe-potomac-dqchytr8g,alexandria.safety-event,1774584300464000,derq,"{""EventType"":""STPV"",""EventId"":""69c580a8754ddb0013a707d7"",""TimeAtSite"":""2026-03-26T14:53:21.338"",""DetectionArea"":""North Leg"",""CameraId"":""0"",""Direction"":""North""}"
STPV,69c5595d754ddb0013a6c3fe,1774541140095000,North Leg,0,North,,,,alexandria,glebe-potomac-dqchytr8g,alexandria.safety-event,1774584300464000,derq,"{""EventType"":""STPV"",""EventId"":""69c5595d754ddb0013a6c3fe"",""TimeAtSite"":""2026-03-26T12:05:40.095"",""DetectionArea"":""North Leg"",""CameraId"":""0"",""Direction"":""North""}"
LCV,69c557127bdcb40012191d45,1774540562447000,South Leg,0,,,,,alexandria,glebe-potomac-dqchytr8g,alexandria.safety-event,1774584300465000,derq,"{""EventType"":""LCV"",""EventId"":""69c557127bdcb40012191d45"",""TimeAtSite"":""2026-03-26T11:56:02.447"",""DetectionArea"":""South Leg"",""CameraId"":""0""}"
IC,69c58c135c6a9b0012371def,1774554130355000,West Leg,0,,,,,alexandria,glebe-potomac-dqchytr8g,alexandria.safety-event,1774584300465000,derq,"{""EventType"":""IC"",""EventId"":""69c58c135c6a9b0012371def"",""TimeAtSite"":""2026-03-26T15:42:10.355"",""DetectionArea"":""West Leg"",""CameraId"":""0""}"
LCV,69c58c6a754ddb0013a71f2e,1774554218033000,South Leg,0,,,,,alexandria,glebe-potomac-dqchytr8g,alexandria.safety-event,1774584300465000,derq,"{""EventType"":""LCV"",""EventId"":""69c58c6a754ddb0013a71f2e"",""TimeAtSite"":""2026-03-26T15:43:38.033"",""DetectionArea"":""South Leg"",""CameraId"":""0""}"
IC,69c55c9f7bdcb40012192708,1774541982592000,Intersection Center,0,,,,,alexandria,glebe-potomac-dqchytr8g,alexandria.safety-event,1774584300465000,derq,"{""EventType"":""IC"",""EventId"":""69c55c9f7bdcb40012192708"",""TimeAtSite"":""2026-03-26T12:19:42.592"",""DetectionArea"":""Intersection Center"",""CameraId"":""0""}"
IC,69c550747bdcb400121911c7,1774538867647000,North Leg,0,,,,,alexandria,glebe-potomac-dqchytr8g,alexandria.safety-event,1774584300465000,derq,"{""EventType"":""IC"",""EventId"":""69c550747bdcb400121911c7"",""TimeAtSite"":""2026-03-26T11:27:47.647"",""DetectionArea"":""North Leg"",""CameraId"":""0""}"
IC,69c55ca15c6a9b001236c7b1,1774541982992000,Intersection Center,0,,,,,alexandria,glebe-potomac-dqchytr8g,alexandria.safety-event,1774584300465000,derq,"{""EventType"":""IC"",""EventId"":""69c55ca15c6a9b001236c7b1"",""TimeAtSite"":""2026-03-26T12:19:42.992"",""DetectionArea"":""Intersection Center"",""CameraId"":""0""}"
IC,69c5a2a082848800126824f2,1774559904211000,Intersection Center,0,,,,,alexandria,glebe-potomac-dqchytr8g,alexandria.safety-event,1774584300465000,derq,"{""EventType"":""IC"",""EventId"":""69c5a2a082848800126824f2"",""TimeAtSite"":""2026-03-26T17:18:24.211"",""DetectionArea"":""Intersection Center"",""CameraId"":""0""}"
IC,69c58c10828488001267fcb7,1774554127850000,West Leg,0,,,,,alexandria,glebe-potomac-dqchytr8g,alexandria.safety-event,1774584300465000,derq,"{""EventType"":""IC"",""EventId"":""69c58c10828488001267fcb7"",""TimeAtSite"":""2026-03-26T15:42:07.850"",""DetectionArea"":""West Leg"",""CameraId"":""0""}"
IC,69c59a6cfaa2eb001203eae5,1774557804143000,North Leg,0,,,,,alexandria,glebe-potomac-dqchytr8g,alexandria.safety-event,1774584300465000,derq,"{""EventType"":""IC"",""EventId"":""69c59a6cfaa2eb001203eae5"",""TimeAtSite"":""2026-03-26T16:43:24.143"",""DetectionArea"":""North Leg"",""CameraId"":""0""}"
IC,69c59d65b3fbbc0013b1c1dd,1774558564515000,Intersection Center,0,,,,,alexandria,glebe-potomac-dqchytr8g,alexandria.safety-event,1774584300465000,derq,"{""EventType"":""IC"",""EventId"":""69c59d65b3fbbc0013b1c1dd"",""TimeAtSite"":""2026-03-26T16:56:04.515"",""DetectionArea"":""Intersection Center"",""CameraId"":""0""}"
IC,69c5a4dc82848800126828cc,1774560476251000,Intersection Center,0,,,,,alexandria,glebe-potomac-dqchytr8g,alexandria.safety-event,1774584300465000,derq,"{""EventType"":""IC"",""EventId"":""69c5a4dc82848800126828cc"",""TimeAtSite"":""2026-03-26T17:27:56.251"",""DetectionArea"":""Intersection Center"",""CameraId"":""0""}"
IC,69c5938afaa2eb001203ded9,1774556041436000,West Leg,0,,,,,alexandria,glebe-potomac-dqchytr8g,alexandria.safety-event,1774584300465000,derq,"{""EventType"":""IC"",""EventId"":""69c5938afaa2eb001203ded9"",""TimeAtSite"":""2026-03-26T16:14:01.436"",""DetectionArea"":""West Leg"",""CameraId"":""0""}"
IC,69c587e4754ddb0013a716e0,1774553060109000,Intersection Center,0,,,,,alexandria,glebe-potomac-dqchytr8g,alexandria.safety-event,1774584300465000,derq,"{""EventType"":""IC"",""EventId"":""69c587e4754ddb0013a716e0"",""TimeAtSite"":""2026-03-26T15:24:20.109"",""DetectionArea"":""Intersection Center"",""CameraId"":""0""}"
IC,69c56ccf5c6a9b001236e410,1774546126788000,West Leg,0,,,,,alexandria,glebe-potomac-dqchytr8g,alexandria.safety-event,1774584300465000,derq,"{""EventType"":""IC"",""EventId"":""69c56ccf5c6a9b001236e410"",""TimeAtSite"":""2026-03-26T13:28:46.788"",""DetectionArea"":""West Leg"",""CameraId"":""0""}"
IC,69c55afd828488001267a4d7,1774541564388000,Intersection Center,0,,,,,alexandria,glebe-potomac-dqchytr8g,alexandria.safety-event,1774584300465000,derq,"{""EventType"":""IC"",""EventId"":""69c55afd828488001267a4d7"",""TimeAtSite"":""2026-03-26T12:12:44.388"",""DetectionArea"":""Intersection Center"",""CameraId"":""0""}"
IC,69c58d337bdcb40012197f2c,1774554418622000,Intersection Center,0,,,,,alexandria,glebe-potomac-dqchytr8g,alexandria.safety-event,1774584300465000,derq,"{""EventType"":""IC"",""EventId"":""69c58d337bdcb40012197f2c"",""TimeAtSite"":""2026-03-26T15:46:58.622"",""DetectionArea"":""Intersection Center"",""CameraId"":""0""}"
IC,69c5a24c8284880012682452,1774559819317000,Intersection Center,0,,,,,alexandria,glebe-potomac-dqchytr8g,alexandria.safety-event,1774584300465000,derq,"{""EventType"":""IC"",""EventId"":""69c5a24c8284880012682452"",""TimeAtSite"":""2026-03-26T17:16:59.317"",""DetectionArea"":""Intersection Center"",""CameraId"":""0""}"
IC,69c5abcab3fbbc0013b1db75,1774562250383000,Intersection Center,0,,,,,alexandria,glebe-potomac-dqchytr8g,alexandria.safety-event,1774584300466000,derq,"{""EventType"":""IC"",""EventId"":""69c5abcab3fbbc0013b1db75"",""TimeAtSite"":""2026-03-26T17:57:30.383"",""DetectionArea"":""Intersection Center"",""CameraId"":""0""}"
IC,69c5be0d754ddb0013a7779b,1774566925302000,Intersection Center,0,,,,,alexandria,glebe-potomac-dqchytr8g,alexandria.safety-event,1774587901455000,derq,"{""EventType"":""IC"",""EventId"":""69c5be0d754ddb0013a7779b"",""TimeAtSite"":""2026-03-26T19:15:25.302"",""DetectionArea"":""Intersection Center"",""CameraId"":""0""}"
STPV,69c5e0f78284880012688ff7,1774575856048000,North Leg,0,North,,,,alexandria,glebe-potomac-dqchytr8g,alexandria.safety-event,1774587901455000,derq,"{""EventType"":""STPV"",""EventId"":""69c5e0f78284880012688ff7"",""TimeAtSite"":""2026-03-26T21:44:16.048"",""DetectionArea"":""North Leg"",""CameraId"":""0"",""Direction"":""North""}"
WWD,69c5ae775c6a9b0012375b88,1774562934862000,West Leg,0,West,,,,alexandria,glebe-potomac-dqchytr8g,alexandria.safety-event,1774587901455000,derq,"{""EventType"":""WWD"",""EventId"":""69c5ae775c6a9b0012375b88"",""TimeAtSite"":""2026-03-26T18:08:54.862"",""DetectionArea"":""West Leg"",""CameraId"":""0"",""Direction"":""West""}"
IC,69c5ee097bdcb400121a2708,1774579209186000,Intersection Center,0,,,,,alexandria,glebe-potomac-dqchytr8g,alexandria.safety-event,1774587901456000,derq,"{""EventType"":""IC"",""EventId"":""69c5ee097bdcb400121a2708"",""TimeAtSite"":""2026-03-26T22:40:09.186"",""DetectionArea"":""Intersection Center"",""CameraId"":""0""}"
IC,69c5f0bcb3fbbc0013b24fee,1774579900438000,Intersection Center,0,,,,,alexandria,glebe-potomac-dqchytr8g,alexandria.safety-event,1774587901456000,derq,"{""EventType"":""IC"",""EventId"":""69c5f0bcb3fbbc0013b24fee"",""TimeAtSite"":""2026-03-26T22:51:40.438"",""DetectionArea"":""Intersection Center"",""CameraId"":""0""}"
IC,69c5f1d35c6a9b001237ce7c,1774580178820000,Intersection Center,0,,,,,alexandria,glebe-potomac-dqchytr8g,alexandria.safety-event,1774587901456000,derq,"{""EventType"":""IC"",""EventId"":""69c5f1d35c6a9b001237ce7c"",""TimeAtSite"":""2026-03-26T22:56:18.820"",""DetectionArea"":""Intersection Center"",""CameraId"":""0""}"
IC,69c5fc91b3fbbc0013b262a3,1774582929525000,Intersection Center,0,,,,,alexandria,glebe-potomac-dqchytr8g,alexandria.safety-event,1774587901456000,derq,"{""EventType"":""IC"",""EventId"":""69c5fc91b3fbbc0013b262a3"",""TimeAtSite"":""2026-03-26T23:42:09.525"",""DetectionArea"":""Intersection Center"",""CameraId"":""0""}"
NM-VRU,69c5add2faa2eb0012040dff,1774562766110000,South Leg,0,,,Pedestrian,Passenger Vehicle,alexandria,glebe-potomac-dqchytr8g,alexandria.safety-event,1774587901456000,derq,"{""EventType"":""NM-VRU"",""EventId"":""69c5add2faa2eb0012040dff"",""TimeAtSite"":""2026-03-26T18:06:06.110"",""DetectionArea"":""South Leg"",""CameraId"":""0"",""Object1Class"":""Pedestrian"",""Object2Class"":""Passenger Vehicle""}"
IC,69c5ded5754ddb0013a7ae93,1774575317209000,Intersection Center,0,,,,,alexandria,glebe-potomac-dqchytr8g,alexandria.safety-event,1774587901456000,derq,"{""EventType"":""IC"",""EventId"":""69c5ded5754ddb0013a7ae93"",""TimeAtSite"":""2026-03-26T21:35:17.209"",""DetectionArea"":""Intersection Center"",""CameraId"":""0""}"
LCV,69c68dd2e963ff00111e00dc,1774620114215000,South Leg,0,,,,,alexandria,glebe-potomac-dqchytr8g,alexandria.safety-event,1774623901287000,derq,"{""EventType"":""LCV"",""EventId"":""69c68dd2e963ff00111e00dc"",""TimeAtSite"":""2026-03-27T10:01:54.215"",""DetectionArea"":""South Leg"",""CameraId"":""0""}"
IC,69c7e9c6e963ff0011204b4b,1774709189625000,North Leg,0,,,,,alexandria,glebe-potomac-dqchytr8g,alexandria.safety-event,1774713901604000,derq,"{""EventType"":""IC"",""EventId"":""69c7e9c6e963ff0011204b4b"",""TimeAtSite"":""2026-03-28T10:46:29.625"",""DetectionArea"":""North Leg"",""CameraId"":""0""}"
NM-VV,69c7fbabe963ff0011206bcc,1774713767014000,Intersection Center,0,,,Passenger Vehicle,Passenger Vehicle,alexandria,glebe-potomac-dqchytr8g,alexandria.safety-event,1774717502170000,derq,"{""EventType"":""NM-VV"",""EventId"":""69c7fbabe963ff0011206bcc"",""TimeAtSite"":""2026-03-28T12:02:47.014"",""DetectionArea"":""Intersection Center"",""CameraId"":""0"",""Object1Class"":""Passenger Vehicle"",""Object2Class"":""Passenger Vehicle""}"
LCV,69c7fbbfead27500120d8100,1774713791500000,South Leg,0,,,,,alexandria,glebe-potomac-dqchytr8g,alexandria.safety-event,1774717502170000,derq,"{""EventType"":""LCV"",""EventId"":""69c7fbbfead27500120d8100"",""TimeAtSite"":""2026-03-28T12:03:11.500"",""DetectionArea"":""South Leg"",""CameraId"":""0""}"
IC,69c813df1292990012ba8d96,1774719967015000,North Leg,0,,,,,alexandria,glebe-potomac-dqchytr8g,alexandria.safety-event,1774724701373000,derq,"{""EventType"":""IC"",""EventId"":""69c813df1292990012ba8d96"",""TimeAtSite"":""2026-03-28T13:46:07.015"",""DetectionArea"":""North Leg"",""CameraId"":""0""}"
STPV,69c80bd989c2ee00120c7f22,1774717905939000,North Leg,0,North,,,,alexandria,glebe-potomac-dqchytr8g,alexandria.safety-event,1774724701373000,derq,"{""EventType"":""STPV"",""EventId"":""69c80bd989c2ee00120c7f22"",""TimeAtSite"":""2026-03-28T13:11:45.939"",""DetectionArea"":""North Leg"",""CameraId"":""0"",""Direction"":""North""}"
IC,69c830141292990012bac101,1774727187783000,West Leg,0,,,,,alexandria,glebe-potomac-dqchytr8g,alexandria.safety-event,1774731903221000,derq,"{""EventType"":""IC"",""EventId"":""69c830141292990012bac101"",""TimeAtSite"":""2026-03-28T15:46:27.783"",""DetectionArea"":""West Leg"",""CameraId"":""0""}"
LCV,69c835c8ee2f6f00125b9cf0,1774728648740000,South Leg,0,,,,,alexandria,glebe-potomac-dqchytr8g,alexandria.safety-event,1774735503310000,derq,"{""EventType"":""LCV"",""EventId"":""69c835c8ee2f6f00125b9cf0"",""TimeAtSite"":""2026-03-28T16:10:48.740"",""DetectionArea"":""South Leg"",""CameraId"":""0""}"
IC,69c84861ead27500120e0db0,1774733408979000,North Leg,0,,,,,alexandria,glebe-potomac-dqchytr8g,alexandria.safety-event,1774739101565000,derq,"{""EventType"":""IC"",""EventId"":""69c84861ead27500120e0db0"",""TimeAtSite"":""2026-03-28T17:30:08.979"",""DetectionArea"":""North Leg"",""CameraId"":""0""}"
NM-VRU,69c84ec51292990012baf8d9,1774735043061000,South Leg,0,,,Pedestrian,Passenger Vehicle,alexandria,glebe-potomac-dqchytr8g,alexandria.safety-event,1774739101565000,derq,"{""EventType"":""NM-VRU"",""EventId"":""69c84ec51292990012baf8d9"",""TimeAtSite"":""2026-03-28T17:57:23.061"",""DetectionArea"":""South Leg"",""CameraId"":""0"",""Object1Class"":""Pedestrian"",""Object2Class"":""Passenger Vehicle""}"
IC,69c84963e963ff001120f932,1774733666941000,South Leg,0,,,,,alexandria,glebe-potomac-dqchytr8g,alexandria.safety-event,1774739101565000,derq,"{""EventType"":""IC"",""EventId"":""69c84963e963ff001120f932"",""TimeAtSite"":""2026-03-28T17:34:26.941"",""DetectionArea"":""South Leg"",""CameraId"":""0""}"
LCV,69c84f7d89c2ee00120cfba1,1774735229628000,South Leg,0,,,,,alexandria,glebe-potomac-dqchytr8g,alexandria.safety-event,1774739101565000,derq,"{""EventType"":""LCV"",""EventId"":""69c84f7d89c2ee00120cfba1"",""TimeAtSite"":""2026-03-28T18:00:29.628"",""DetectionArea"":""South Leg"",""CameraId"":""0""}"
LCV,69c866fe1292990012bb23be,1774741246819000,South Leg,0,,,,,alexandria,glebe-potomac-dqchytr8g,alexandria.safety-event,1774746301516000,derq,"{""EventType"":""LCV"",""EventId"":""69c866fe1292990012bb23be"",""TimeAtSite"":""2026-03-28T19:40:46.819"",""DetectionArea"":""South Leg"",""CameraId"":""0""}"
LCV,69c85eb589c2ee00120d16a9,1774739125031000,South Leg,0,,,,,alexandria,glebe-potomac-dqchytr8g,alexandria.safety-event,1774746301516000,derq,"{""EventType"":""LCV"",""EventId"":""69c85eb589c2ee00120d16a9"",""TimeAtSite"":""2026-03-28T19:05:25.031"",""DetectionArea"":""South Leg"",""CameraId"":""0""}"
LCV,69c86a80ead27500120e4a09,1774742144364000,South Leg,0,,,,,alexandria,glebe-potomac-dqchytr8g,alexandria.safety-event,1774746301516000,derq,"{""EventType"":""LCV"",""EventId"":""69c86a80ead27500120e4a09"",""TimeAtSite"":""2026-03-28T19:55:44.364"",""DetectionArea"":""South Leg"",""CameraId"":""0""}"
STPV,69c860ce1292990012bb1900,1774739655371000,North Leg,0,North,,,,alexandria,glebe-potomac-dqchytr8g,alexandria.safety-event,1774746301516000,derq,"{""EventType"":""STPV"",""EventId"":""69c860ce1292990012bb1900"",""TimeAtSite"":""2026-03-28T19:14:15.371"",""DetectionArea"":""North Leg"",""CameraId"":""0"",""Direction"":""North""}"
IC,69c8745aead27500120e5b76,1774744666609000,Intersection Center,0,,,,,alexandria,glebe-potomac-dqchytr8g,alexandria.safety-event,1774749901329000,derq,"{""EventType"":""IC"",""EventId"":""69c8745aead27500120e5b76"",""TimeAtSite"":""2026-03-28T20:37:46.609"",""DetectionArea"":""Intersection Center"",""CameraId"":""0""}"
IC,69c87aaaf970590013a20fd3,1774746282445000,Intersection Center,0,,,,,alexandria,glebe-potomac-dqchytr8g,alexandria.safety-event,1774749901330000,derq,"{""EventType"":""IC"",""EventId"":""69c87aaaf970590013a20fd3"",""TimeAtSite"":""2026-03-28T21:04:42.445"",""DetectionArea"":""Intersection Center"",""CameraId"":""0""}"
NM-VV,69c86ee51292990012bb317d,1774743266365000,Intersection Center,0,,,Passenger Vehicle,Passenger Vehicle,alexandria,glebe-potomac-dqchytr8g,alexandria.safety-event,1774749901330000,derq,"{""EventType"":""NM-VV"",""EventId"":""69c86ee51292990012bb317d"",""TimeAtSite"":""2026-03-28T20:14:26.365"",""DetectionArea"":""Intersection Center"",""CameraId"":""0"",""Object1Class"":""Passenger Vehicle"",""Object2Class"":""Passenger Vehicle""}"
IC,69c8aebd0f43a60012ec25c5,1774759612860000,Intersection Center,0,,,,,alexandria,glebe-potomac-dqchytr8g,alexandria.safety-event,1774764301444000,derq,"{""EventType"":""IC"",""EventId"":""69c8aebd0f43a60012ec25c5"",""TimeAtSite"":""2026-03-29T00:46:52.860"",""DetectionArea"":""Intersection Center"",""CameraId"":""0""}"
IC,69c8a72a2594590013b9746e,1774757674251000,Intersection Center,0,,,,,alexandria,glebe-potomac-dqchytr8g,alexandria.safety-event,1774764301444000,derq,"{""EventType"":""IC"",""EventId"":""69c8a72a2594590013b9746e"",""TimeAtSite"":""2026-03-29T00:14:34.251"",""DetectionArea"":""Intersection Center"",""CameraId"":""0""}"
IC,69c90abe2594590013ba0de9,1774783166321000,Intersection Center,0,,,,,alexandria,glebe-potomac-dqchytr8g,alexandria.safety-event,1774789503570000,derq,"{""EventType"":""IC"",""EventId"":""69c90abe2594590013ba0de9"",""TimeAtSite"":""2026-03-29T07:19:26.321"",""DetectionArea"":""Intersection Center"",""CameraId"":""0""}"
IC,69c9263789c2ee00120e5622,1774790199081000,Intersection Center,0,,,,,alexandria,glebe-potomac-dqchytr8g,alexandria.safety-event,1774796702678000,derq,"{""EventType"":""IC"",""EventId"":""69c9263789c2ee00120e5622"",""TimeAtSite"":""2026-03-29T09:16:39.081"",""DetectionArea"":""Intersection Center"",""CameraId"":""0""}"
IC,69c9383f0f43a60012ecfaeb,1774794815534000,Intersection Center,0,,,,,alexandria,glebe-potomac-dqchytr8g,alexandria.safety-event,1774800301517000,derq,"{""EventType"":""IC"",""EventId"":""69c9383f0f43a60012ecfaeb"",""TimeAtSite"":""2026-03-29T10:33:35.534"",""DetectionArea"":""Intersection Center"",""CameraId"":""0""}"
NM-VRU,69c941460f43a60012ed09d5,1774797123796000,South Leg,0,,,Pedestrian,Passenger Vehicle,alexandria,glebe-potomac-dqchytr8g,alexandria.safety-event,1774803901742000,derq,"{""EventType"":""NM-VRU"",""EventId"":""69c941460f43a60012ed09d5"",""TimeAtSite"":""2026-03-29T11:12:03.796"",""DetectionArea"":""South Leg"",""CameraId"":""0"",""Object1Class"":""Pedestrian"",""Object2Class"":""Passenger Vehicle""}"
NM-VRU,69c943e0ee2f6f00125d577d,1774797789487000,Intersection Center,0,,,Bicycle,Passenger Vehicle,alexandria,glebe-potomac-dqchytr8g,alexandria.safety-event,1774803901742000,derq,"{""EventType"":""NM-VRU"",""EventId"":""69c943e0ee2f6f00125d577d"",""TimeAtSite"":""2026-03-29T11:23:09.487"",""DetectionArea"":""Intersection Center"",""CameraId"":""0"",""Object1Class"":""Bicycle"",""Object2Class"":""Passenger Vehicle""}"
NM-VRU,69c9619dee2f6f00125d8a2a,1774805402860000,West Leg,0,,,Pedestrian,Passenger Vehicle,alexandria,glebe-potomac-dqchytr8g,alexandria.safety-event,1774811101284000,derq,"{""EventType"":""NM-VRU"",""EventId"":""69c9619dee2f6f00125d8a2a"",""TimeAtSite"":""2026-03-29T13:30:02.860"",""DetectionArea"":""West Leg"",""CameraId"":""0"",""Object1Class"":""Pedestrian"",""Object2Class"":""Passenger Vehicle""}"
IC,69c961f10f43a60012ed416b,1774805489747000,Intersection Center,0,,,,,alexandria,glebe-potomac-dqchytr8g,alexandria.safety-event,1774811101284000,derq,"{""EventType"":""IC"",""EventId"":""69c961f10f43a60012ed416b"",""TimeAtSite"":""2026-03-29T13:31:29.747"",""DetectionArea"":""Intersection Center"",""CameraId"":""0""}"
STPV,69c961eeee2f6f00125d8ab2,1774805479013000,North Leg,0,North,,,,alexandria,glebe-potomac-dqchytr8g,alexandria.safety-event,1774811101284000,derq,"{""EventType"":""STPV"",""EventId"":""69c961eeee2f6f00125d8ab2"",""TimeAtSite"":""2026-03-29T13:31:19.013"",""DetectionArea"":""North Leg"",""CameraId"":""0"",""Direction"":""North""}"
IC,69c95f670f43a60012ed3cfe,1774804839755000,Intersection Center,0,,,,,alexandria,glebe-potomac-dqchytr8g,alexandria.safety-event,1774811101284000,derq,"{""EventType"":""IC"",""EventId"":""69c95f670f43a60012ed3cfe"",""TimeAtSite"":""2026-03-29T13:20:39.755"",""DetectionArea"":""Intersection Center"",""CameraId"":""0""}"
IC,69c9843c89c2ee00120ef387,1774814267879000,Intersection Center,0,,,,,alexandria,glebe-potomac-dqchytr8g,alexandria.safety-event,1774818302665000,derq,"{""EventType"":""IC"",""EventId"":""69c9843c89c2ee00120ef387"",""TimeAtSite"":""2026-03-29T15:57:47.879"",""DetectionArea"":""Intersection Center"",""CameraId"":""0""}"
LCV,69c9a22289c2ee00120f2652,1774821922373000,South Leg,0,,,,,alexandria,glebe-potomac-dqchytr8g,alexandria.safety-event,1774829103421000,derq,"{""EventType"":""LCV"",""EventId"":""69c9a22289c2ee00120f2652"",""TimeAtSite"":""2026-03-29T18:05:22.373"",""DetectionArea"":""South Leg"",""CameraId"":""0""}"
IC,69c9d7b2ee2f6f00125e4f52,1774835634081000,South Leg,0,,,,,alexandria,glebe-potomac-dqchytr8g,alexandria.safety-event,1774839901586000,derq,"{""EventType"":""IC"",""EventId"":""69c9d7b2ee2f6f00125e4f52"",""TimeAtSite"":""2026-03-29T21:53:54.081"",""DetectionArea"":""South Leg"",""CameraId"":""0""}"
LCV,69c9d4760f43a60012ee00f2,1774834806557000,South Leg,0,,,,,alexandria,glebe-potomac-dqchytr8g,alexandria.safety-event,1774839901586000,derq,"{""EventType"":""LCV"",""EventId"":""69c9d4760f43a60012ee00f2"",""TimeAtSite"":""2026-03-29T21:40:06.557"",""DetectionArea"":""South Leg"",""CameraId"":""0""}"
IC,69c9ed7e89c2ee00120f9ff0,1774841214086000,Intersection Center,0,,,,,alexandria,glebe-potomac-dqchytr8g,alexandria.safety-event,1774847101548000,derq,"{""EventType"":""IC"",""EventId"":""69c9ed7e89c2ee00120f9ff0"",""TimeAtSite"":""2026-03-29T23:26:54.086"",""DetectionArea"":""Intersection Center"",""CameraId"":""0""}"
IC,69c9e8e72594590013bb7c3a,1774840038796000,Intersection Center,0,,,,,alexandria,glebe-potomac-dqchytr8g,alexandria.safety-event,1774847101548000,derq,"{""EventType"":""IC"",""EventId"":""69c9e8e72594590013bb7c3a"",""TimeAtSite"":""2026-03-29T23:07:18.796"",""DetectionArea"":""Intersection Center"",""CameraId"":""0""}"
IC,69c9eed91292990012bda178,1774841561684000,Intersection Center,0,,,,,alexandria,glebe-potomac-dqchytr8g,alexandria.safety-event,1774847101548000,derq,"{""EventType"":""IC"",""EventId"":""69c9eed91292990012bda178"",""TimeAtSite"":""2026-03-29T23:32:41.684"",""DetectionArea"":""Intersection Center"",""CameraId"":""0""}"
IC,69ca534f0f43a60012eebf54,1774867279264000,Intersection Center,0,,,,,alexandria,glebe-potomac-dqchytr8g,alexandria.safety-event,1774872301632000,derq,"{""EventType"":""IC"",""EventId"":""69ca534f0f43a60012eebf54"",""TimeAtSite"":""2026-03-30T06:41:19.264"",""DetectionArea"":""Intersection Center"",""CameraId"":""0""}"
IC,69ca6add2594590013bc3ef7,1774873309616000,Intersection Center,0,,,,,alexandria,glebe-potomac-dqchytr8g,alexandria.safety-event,1774879501899000,derq,"{""EventType"":""IC"",""EventId"":""69ca6add2594590013bc3ef7"",""TimeAtSite"":""2026-03-30T08:21:49.616"",""DetectionArea"":""Intersection Center"",""CameraId"":""0""}"
NM-VRU,69ca6d58ee2f6f00125f3076,1774873940086000,North Leg,0,,,Pedestrian,Passenger Vehicle,alexandria,glebe-potomac-dqchytr8g,alexandria.safety-event,1774879501900000,derq,"{""EventType"":""NM-VRU"",""EventId"":""69ca6d58ee2f6f00125f3076"",""TimeAtSite"":""2026-03-30T08:32:20.086"",""DetectionArea"":""North Leg"",""CameraId"":""0"",""Object1Class"":""Pedestrian"",""Object2Class"":""Passenger Vehicle""}"
IC,69ca72661292990012be6765,1774875238377000,West Leg,0,,,,,alexandria,glebe-potomac-dqchytr8g,alexandria.safety-event,1774879501900000,derq,"{""EventType"":""IC"",""EventId"":""69ca72661292990012be6765"",""TimeAtSite"":""2026-03-30T08:53:58.377"",""DetectionArea"":""West Leg"",""CameraId"":""0""}"
IC,69ca7cb489c2ee00121078cb,1774877876331000,North Leg,0,,,,,alexandria,glebe-potomac-dqchytr8g,alexandria.safety-event,1774883101684000,derq,"{""EventType"":""IC"",""EventId"":""69ca7cb489c2ee00121078cb"",""TimeAtSite"":""2026-03-30T09:37:56.331"",""DetectionArea"":""North Leg"",""CameraId"":""0""}"
LCV,69ca8c270f43a60012ef1987,1774881831736000,South Leg,0,,,,,alexandria,glebe-potomac-dqchytr8g,alexandria.safety-event,1774886702346000,derq,"{""EventType"":""LCV"",""EventId"":""69ca8c270f43a60012ef1987"",""TimeAtSite"":""2026-03-30T10:43:51.736"",""DetectionArea"":""South Leg"",""CameraId"":""0""}"
LCV,69caa8ad0f43a60012ef4990,1774889133676000,North Leg,0,,,,,alexandria,glebe-potomac-dqchytr8g,alexandria.safety-event,1774893901001000,derq,"{""EventType"":""LCV"",""EventId"":""69caa8ad0f43a60012ef4990"",""TimeAtSite"":""2026-03-30T12:45:33.676"",""DetectionArea"":""North Leg"",""CameraId"":""0""}"
IC,69cac6030f43a60012ef7ba8,1774896643243000,Intersection Center,0,,,,,alexandria,glebe-potomac-dqchytr8g,alexandria.safety-event,1774901100976000,derq,"{""EventType"":""IC"",""EventId"":""69cac6030f43a60012ef7ba8"",""TimeAtSite"":""2026-03-30T14:50:43.243"",""DetectionArea"":""Intersection Center"",""CameraId"":""0""}"
WWD,69cacf4d89c2ee001211051b,1774899021113000,West Leg,0,West,,,,alexandria,glebe-potomac-dqchytr8g,alexandria.safety-event,1774904700710000,derq,"{""EventType"":""WWD"",""EventId"":""69cacf4d89c2ee001211051b"",""TimeAtSite"":""2026-03-30T15:30:21.113"",""DetectionArea"":""West Leg"",""CameraId"":""0"",""Direction"":""West""}"
IC,69cadd47f970590013a5e3b3,1774902599549000,Intersection Center,0,,,,,alexandria,glebe-potomac-dqchytr8g,alexandria.safety-event,1774915504225000,derq,"{""EventType"":""IC"",""EventId"":""69cadd47f970590013a5e3b3"",""TimeAtSite"":""2026-03-30T16:29:59.549"",""DetectionArea"":""Intersection Center"",""CameraId"":""0""}"
LCV,69caf98c1292990012bf4dcf,1774909836407000,South Leg,0,,,,,alexandria,glebe-potomac-dqchytr8g,alexandria.safety-event,1774915504225000,derq,"{""EventType"":""LCV"",""EventId"":""69caf98c1292990012bf4dcf"",""TimeAtSite"":""2026-03-30T18:30:36.407"",""DetectionArea"":""South Leg"",""CameraId"":""0""}"
LCV,69caf000ee2f6f0012600e72,1774907392804000,South Leg,0,,,,,alexandria,glebe-potomac-dqchytr8g,alexandria.safety-event,1774915504225000,derq,"{""EventType"":""LCV"",""EventId"":""69caf000ee2f6f0012600e72"",""TimeAtSite"":""2026-03-30T17:49:52.804"",""DetectionArea"":""South Leg"",""CameraId"":""0""}"
IC,69cae254f970590013a5ec72,1774903892188000,South Leg,0,,,,,alexandria,glebe-potomac-dqchytr8g,alexandria.safety-event,1774915504225000,derq,"{""EventType"":""IC"",""EventId"":""69cae254f970590013a5ec72"",""TimeAtSite"":""2026-03-30T16:51:32.188"",""DetectionArea"":""South Leg"",""CameraId"":""0""}"
IC,69caee8fee2f6f0012600be8,1774907023078000,Intersection Center,0,,,,,alexandria,glebe-potomac-dqchytr8g,alexandria.safety-event,1774915504226000,derq,"{""EventType"":""IC"",""EventId"":""69caee8fee2f6f0012600be8"",""TimeAtSite"":""2026-03-30T17:43:43.078"",""DetectionArea"":""Intersection Center"",""CameraId"":""0""}"
IC,69caf17789c2ee00121140bb,1774907767497000,Intersection Center,0,,,,,alexandria,glebe-potomac-dqchytr8g,alexandria.safety-event,1774915504226000,derq,"{""EventType"":""IC"",""EventId"":""69caf17789c2ee00121140bb"",""TimeAtSite"":""2026-03-30T17:56:07.497"",""DetectionArea"":""Intersection Center"",""CameraId"":""0""}"
NM-VRU,69cb00a989c2ee0012115ac2,1774911653120000,North Leg,0,,,Bicycle,Passenger Vehicle,alexandria,glebe-potomac-dqchytr8g,alexandria.safety-event,1774915504226000,derq,"{""EventType"":""NM-VRU"",""EventId"":""69cb00a989c2ee0012115ac2"",""TimeAtSite"":""2026-03-30T19:00:53.120"",""DetectionArea"":""North Leg"",""CameraId"":""0"",""Object1Class"":""Bicycle"",""Object2Class"":""Passenger Vehicle""}"
IC,69caea0d0f43a60012efbaa5,1774905869695000,North Leg,0,,,,,alexandria,glebe-potomac-dqchytr8g,alexandria.safety-event,1774915504226000,derq,"{""EventType"":""IC"",""EventId"":""69caea0d0f43a60012efbaa5"",""TimeAtSite"":""2026-03-30T17:24:29.695"",""DetectionArea"":""North Leg"",""CameraId"":""0""}"
IC,69cae55aee2f6f00125ffb8b,1774904666661000,West Leg,0,,,,,alexandria,glebe-potomac-dqchytr8g,alexandria.safety-event,1774915504226000,derq,"{""EventType"":""IC"",""EventId"":""69cae55aee2f6f00125ffb8b"",""TimeAtSite"":""2026-03-30T17:04:26.661"",""DetectionArea"":""West Leg"",""CameraId"":""0""}"
IC,69a39dd4fab4340011094be1,1772330452071000,Intersection Center,0,,,,,alexandria,glebe-potomac-dqchytr8g,alexandria.safety-event,1773727331352000,derq,
IC,69a387eca1464900125daa84,1772324844834000,Intersection Center,0,,,,,alexandria,glebe-potomac-dqchytr8g,alexandria.safety-event,1773727331352000,derq,
IC,69a39dd4a1464900125dcd4d,1772330452471000,Intersection Center,0,,,,,alexandria,glebe-potomac-dqchytr8g,alexandria.safety-event,1773727331352000,derq,
IC,69a3b375a1464900125def0b,1772335989820000,West Leg,0,,,,,alexandria,glebe-potomac-dqchytr8g,alexandria.safety-event,1773727331352000,derq,
IC,69a3a8bb6c60ca0013bb01f8,1772333243211000,Intersection Center,0,,,,,alexandria,glebe-potomac-dqchytr8g,alexandria.safety-event,1773727331352000,derq,
IC,69a3c7a86c60ca0013bb3108,1772341160048000,Intersection Center,0,,,,,alexandria,glebe-potomac-dqchytr8g,alexandria.safety-event,1773727331352000,derq,
STPV,69a3c5466c60ca0013bb2d86,1772340543109000,North Leg,0,North,,,,alexandria,glebe-potomac-dqchytr8g,alexandria.safety-event,1773727331352000,derq,
IC,69a3834d7e03be00132d8f36,1772323660964000,West Leg,0,,,,,alexandria,glebe-potomac-dqchytr8g,alexandria.safety-event,1773727331352000,derq,
IC,69a72700f0a72f00125914d1,1772562175949000,Intersection Center,0,,,,,alexandria,glebe-potomac-dqchytr8g,alexandria.safety-event,1773741735821000,derq,
LCV,69a71aacc1fc6d0012a867d7,1772559020451000,South Leg,0,,,,,alexandria,glebe-potomac-dqchytr8g,alexandria.safety-event,1773741735821000,derq,
LCV,69a730b0f0a72f001259253a,1772564656333000,South Leg,0,,,,,alexandria,glebe-potomac-dqchytr8g,alexandria.safety-event,1773741735821000,derq,
IC,69a74c04a3424900123af5ef,1772571651017000,Intersection Center,0,,,,,alexandria,glebe-potomac-dqchytr8g,alexandria.safety-event,1773741735821000,derq,
LCV,69a73361c8126d0012f10fec,1772565340283000,North Leg,0,,,,,alexandria,glebe-potomac-dqchytr8g,alexandria.safety-event,1773741735821000,derq,
LCV,69a76d39f0a72f0012598d2e,1772580153074000,South Leg,0,,,,,alexandria,glebe-potomac-dqchytr8g,alexandria.safety-event,1773741735821000,derq,
LCV,69a77566a3424900123b3ca6,1772582246504000,South Leg,0,,,,,alexandria,glebe-potomac-dqchytr8g,alexandria.safety-event,1773741735821000,derq,
IC,69a7ae3082d83000122bc81b,1772596784787000,Intersection Center,0,,,,,alexandria,glebe-potomac-dqchytr8g,alexandria.safety-event,1773741735822000,derq,
IC,69a7b24df0a72f001259fba6,1772597837501000,Intersection Center,0,,,,,alexandria,glebe-potomac-dqchytr8g,alexandria.safety-event,1773741735822000,derq,
NM-VRU,69a75794a3424900123b0985,1772574608046000,Intersection Center,0,,,Passenger Vehicle,Pedestrian,alexandria,glebe-potomac-dqchytr8g,alexandria.safety-event,1773741735822000,derq,
IC,69a76c19c8126d0012f17239,1772579865404000,Intersection Center,0,,,,,alexandria,glebe-potomac-dqchytr8g,alexandria.safety-event,1773741735822000,derq,
IC,69a74cf9c8126d0012f13cdd,1772571897506000,South Leg,0,,,,,alexandria,glebe-potomac-dqchytr8g,alexandria.safety-event,1773741735822000,derq,
IC,69a74ebb82d83000122b2d0a,1772572346916000,Intersection Center,0,,,,,alexandria,glebe-potomac-dqchytr8g,alexandria.safety-event,1773741735822000,derq,
IC,69a75b1282d83000122b4213,1772575506448000,Intersection Center,0,,,,,alexandria,glebe-potomac-dqchytr8g,alexandria.safety-event,1773741735822000,derq,
IC,69a75b2af0a72f0012596e28,1772575530853000,Intersection Center,0,,,,,alexandria,glebe-potomac-dqchytr8g,alexandria.safety-event,1773741735822000,derq,
IC,69a7b66b2cd11e00126bdf2d,1772598891302000,Intersection Center,0,,,,,alexandria,glebe-potomac-dqchytr8g,alexandria.safety-event,1773741735822000,derq,
IC,69a7b97da3424900123ba836,1772599677541000,Intersection Center,0,,,,,alexandria,glebe-potomac-dqchytr8g,alexandria.safety-event,1773741735822000,derq,
IC,69a7bea0a3424900123bafbe,1772600992287000,Intersection Center,0,,,,,alexandria,glebe-potomac-dqchytr8g,alexandria.safety-event,1773741735822000,derq,
LCV,69a9a0677ef9d700129d998a,1772724327538000,North Leg,0,,,,,alexandria,glebe-potomac-dqchytr8g,alexandria.safety-event,1773748922454000,derq,
LCV,69a9a4adee080c0012781267,1772725421014000,North Leg,0,,,,,alexandria,glebe-potomac-dqchytr8g,alexandria.safety-event,1773748922454000,derq,
LCV,69a9c2deee080c00127845f9,1772733150320000,South Leg,0,,,,,alexandria,glebe-potomac-dqchytr8g,alexandria.safety-event,1773748922454000,derq,
LCV,69a9f730ee080c0012789f07,1772746544278000,South Leg,0,,,,,alexandria,glebe-potomac-dqchytr8g,alexandria.safety-event,1773748922454000,derq,
LCV,69a9bfd5ee080c00127840f1,1772732312773000,South Leg,0,,,,,alexandria,glebe-potomac-dqchytr8g,alexandria.safety-event,1773748922454000,derq,
WWD,69a9c4c17ef9d700129dd6f5,1772733632926000,North Leg,0,South,,,,alexandria,glebe-potomac-dqchytr8g,alexandria.safety-event,1773748922454000,derq,
IC,69a986e87ef9d700129d6f2c,1772717800302000,Intersection Center,0,,,,,alexandria,glebe-potomac-dqchytr8g,alexandria.safety-event,1773748922455000,derq,
NM-VV,69a9cf80ee080c0012785b92,1772736380373000,Intersection Center,0,,,Passenger Vehicle,Passenger Vehicle,alexandria,glebe-potomac-dqchytr8g,alexandria.safety-event,1773748922455000,derq,
IC,69a97dcab96fb70013b6c049,1772715466440000,West Leg,0,,,,,alexandria,glebe-potomac-dqchytr8g,alexandria.safety-event,1773748922455000,derq,
IC,69a9bdc77ef9d700129dcb2f,1772731847505000,Intersection Center,0,,,,,alexandria,glebe-potomac-dqchytr8g,alexandria.safety-event,1773748922455000,derq,
IC,69a997fc7ef9d700129d8b66,1772722171964000,Intersection Center,0,,,,,alexandria,glebe-potomac-dqchytr8g,alexandria.safety-event,1773748922455000,derq,
IC,69a9fbc9ee080c001278a6fa,1772747721469000,Intersection Center,0,,,,,alexandria,glebe-potomac-dqchytr8g,alexandria.safety-event,1773748922455000,derq,
NM-VRU,69a9cc324ffa9f0012c8a395,1772735534797000,South Leg,0,,,Passenger Vehicle,Pedestrian,alexandria,glebe-potomac-dqchytr8g,alexandria.safety-event,1773748922455000,derq,
IC,69a9da2c40d725001388b205,1772739115947000,West Leg,0,,,,,alexandria,glebe-potomac-dqchytr8g,alexandria.safety-event,1773748922455000,derq,
NM-VRU,69a9e42e4ffa9f0012c8cc98,1772741675508000,North Leg,0,,,Passenger Vehicle,Pedestrian,alexandria,glebe-potomac-dqchytr8g,alexandria.safety-event,1773748922455000,derq,
NM-VRU,69a9d2a840d725001388a535,1772737185959000,West Leg,0,,,Pedestrian,Passenger Vehicle,alexandria,glebe-potomac-dqchytr8g,alexandria.safety-event,1773748922455000,derq,
NM-VV,69a9c6ae7ef9d700129dda45,1772734122202000,Intersection Center,0,,,Passenger Vehicle,Passenger Vehicle,alexandria,glebe-potomac-dqchytr8g,alexandria.safety-event,1773748922455000,derq,
NM-VV,69a9c6ad051f7a001266d0e1,1772734122202000,Intersection Center,0,,,Passenger Vehicle,Passenger Vehicle,alexandria,glebe-potomac-dqchytr8g,alexandria.safety-event,1773748922455000,derq,
NM-VRU,69a983d6b96fb70013b6ca26,1772717011501000,South Leg,0,,,Pedestrian,Passenger Vehicle,alexandria,glebe-potomac-dqchytr8g,alexandria.safety-event,1773748922455000,derq,
IC,69a9e7b27ef9d700129e1235,1772742576829000,Intersection Center,0,,,,,alexandria,glebe-potomac-dqchytr8g,alexandria.safety-event,1773748922455000,derq,
IC,69a97f81051f7a00126659dd,1772715904840000,South Leg,0,,,,,alexandria,glebe-potomac-dqchytr8g,alexandria.safety-event,1773748922455000,derq,
IC,69a90225b96fb70013b60ca2,1772683813236000,Intersection Center,0,,,,,alexandria,glebe-potomac-dqchytr8g,alexandria.safety-event,1773748922455000,derq,
WWD,69aa061940d725001388fd2a,1772750361249000,West Leg,0,West,,,,alexandria,glebe-potomac-dqchytr8g,alexandria.safety-event,1773752519772000,derq,
STPV,69aa3debf09cf6001310f6a0,1772764644308000,North Leg,0,North,,,,alexandria,glebe-potomac-dqchytr8g,alexandria.safety-event,1773752519772000,derq,
STPV,69aa59577ef9d700129ecb56,1772771664516000,North Leg,0,North,,,,alexandria,glebe-potomac-dqchytr8g,alexandria.safety-event,1773752519772000,derq,
STPV,69aa344540d7250013894a54,1772762174143000,North Leg,0,North,,,,alexandria,glebe-potomac-dqchytr8g,alexandria.safety-event,1773752519772000,derq,
NM-VRU,69aa13347ef9d700129e5bed,1772753713763000,Intersection Center,0,,,Bicycle,Passenger Vehicle,alexandria,glebe-potomac-dqchytr8g,alexandria.safety-event,1773752519773000,derq,
LCV,69aa188540d7250013891ccb,1772755077599000,South Leg,0,,,,,alexandria,glebe-potomac-dqchytr8g,alexandria.safety-event,1773752519773000,derq,
LCV,69aada11f09cf6001311d965,1772804625581000,South Leg,0,,,,,alexandria,glebe-potomac-dqchytr8g,alexandria.safety-event,1773752519773000,derq,
LCV,69aace96051f7a0012686a2f,1772801686474000,South Leg,0,,,,,alexandria,glebe-potomac-dqchytr8g,alexandria.safety-event,1773752519773000,derq,
LCV,69aaf7b8051f7a001268abed,1772812216801000,South Leg,0,,,,,alexandria,glebe-potomac-dqchytr8g,alexandria.safety-event,1773752519773000,derq,
IC,69aa0cc440d725001389089b,1772752068892000,North Leg,0,,,,,alexandria,glebe-potomac-dqchytr8g,alexandria.safety-event,1773752519773000,derq,
NM-VRU,69aad4a77ef9d700129f7cb8,1772803235872000,West Leg,0,,,Pedestrian,Passenger Vehicle,alexandria,glebe-potomac-dqchytr8g,alexandria.safety-event,1773752519773000,derq,
IC,69aa45cb40d7250013896584,1772766667102000,South Leg,0,,,,,alexandria,glebe-potomac-dqchytr8g,alexandria.safety-event,1773752519773000,derq,
IC,69aa088f40d7250013890170,1772750991844000,North Leg,0,,,,,alexandria,glebe-potomac-dqchytr8g,alexandria.safety-event,1773752519773000,derq,
IC,69aa21fa7ef9d700129e7476,1772757498393000,South Leg,0,,,,,alexandria,glebe-potomac-dqchytr8g,alexandria.safety-event,1773752519773000,derq,
IC,69aa153aee080c001278d300,1772754234175000,Intersection Center,0,,,,,alexandria,glebe-potomac-dqchytr8g,alexandria.safety-event,1773752519773000,derq,
IC,69aa0716f09cf60013109bb4,1772750614149000,Intersection Center,0,,,,,alexandria,glebe-potomac-dqchytr8g,alexandria.safety-event,1773752519773000,derq,
IC,69aad07fee080c001279e9b8,1772802175886000,South Leg,0,,,,,alexandria,glebe-potomac-dqchytr8g,alexandria.safety-event,1773752519773000,derq,
IC,69aaf4e5f09cf6001312040b,1772811492999000,West Leg,0,,,,,alexandria,glebe-potomac-dqchytr8g,alexandria.safety-event,1773752519773000,derq,
IC,69aa066ff09cf60013109a94,1772750447740000,South Leg,0,,,,,alexandria,glebe-potomac-dqchytr8g,alexandria.safety-event,1773752519773000,derq,
IC,69aa03c6ee080c001278b4f1,1772749765880000,West Leg,0,,,,,alexandria,glebe-potomac-dqchytr8g,alexandria.safety-event,1773752519773000,derq,
IC,69aa01c440d725001388f592,1772749251561000,Intersection Center,0,,,,,alexandria,glebe-potomac-dqchytr8g,alexandria.safety-event,1773752519773000,derq,
LCV,69ab00837ef9d700129fc2f9,1772814467493000,South Leg,0,,,,,alexandria,glebe-potomac-dqchytr8g,alexandria.safety-event,1773756122225000,derq,
STPV,69abd84f051f7a00126a18c9,1772869703956000,North Leg,0,North,,,,alexandria,glebe-potomac-dqchytr8g,alexandria.safety-event,1773756122225000,derq,
STPV,69ab1e18f5fe5400122e6fa9,1772822032825000,North Leg,0,North,,,,alexandria,glebe-potomac-dqchytr8g,alexandria.safety-event,1773756122225000,derq,
STPV,69ab70677ef9d70012a08190,1772843104058000,North Leg,0,North,,,,alexandria,glebe-potomac-dqchytr8g,alexandria.safety-event,1773756122225000,derq,
STPV,69ab307fe974160012d42c10,1772826744366000,North Leg,0,North,,,,alexandria,glebe-potomac-dqchytr8g,alexandria.safety-event,1773756122225000,derq,
STPV,69abd102051f7a00126a0e5a,1772867835104000,Intersection Center,0,,,,,alexandria,glebe-potomac-dqchytr8g,alexandria.safety-event,1773756122225000,derq,
IC,69ab676ec134df0013badb78,1772840814033000,Intersection Center,0,,,,,alexandria,glebe-potomac-dqchytr8g,alexandria.safety-event,1773756122226000,derq,
IC,69abaa20051f7a001269d4c1,1772857888100000,Intersection Center,0,,,,,alexandria,glebe-potomac-dqchytr8g,alexandria.safety-event,1773756122226000,derq,
LCV,69ab4d68f5fe5400122ec0db,1772834151952000,South Leg,0,,,,,alexandria,glebe-potomac-dqchytr8g,alexandria.safety-event,1773756122226000,derq,
LCV,69ab4cf6ee080c00127ab85d,1772834038171000,South Leg,0,,,,,alexandria,glebe-potomac-dqchytr8g,alexandria.safety-event,1773756122226000,derq,
IC,69ab1223051f7a001268d871,1772818979818000,Intersection Center,0,,,,,alexandria,glebe-potomac-dqchytr8g,alexandria.safety-event,1773756122226000,derq,
LCV,69ab798dc134df0013baf961,1772845453194000,South Leg,0,,,,,alexandria,glebe-potomac-dqchytr8g,alexandria.safety-event,1773756122226000,derq,
LCV,69ab4b7f7ef9d70012a042ab,1772833663630000,South Leg,0,,,,,alexandria,glebe-potomac-dqchytr8g,alexandria.safety-event,1773756122226000,derq,
LCV,69ab3734e974160012d43786,1772828468507000,South Leg,0,,,,,alexandria,glebe-potomac-dqchytr8g,alexandria.safety-event,1773756122226000,derq,
IC,69ab9a1a051f7a001269bc1e,1772853786322000,Intersection Center,0,,,,,alexandria,glebe-potomac-dqchytr8g,alexandria.safety-event,1773756122226000,derq,
IC,69ab5dcbf5fe5400122edcdf,1772838347115000,Intersection Center,0,,,,,alexandria,glebe-potomac-dqchytr8g,alexandria.safety-event,1773756122226000,derq,
NM-VRU,69ab5a05ee080c00127acf2d,1772837377218000,North Leg,0,,,Passenger Vehicle,Pedestrian,alexandria,glebe-potomac-dqchytr8g,alexandria.safety-event,1773756122226000,derq,
IC,69abb910c134df0013bb5d39,1772861711999000,Intersection Center,0,,,,,alexandria,glebe-potomac-dqchytr8g,alexandria.safety-event,1773756122226000,derq,
IC,69aba5b3c134df0013bb3ff1,1772856755647000,Intersection Center,0,,,,,alexandria,glebe-potomac-dqchytr8g,alexandria.safety-event,1773756122226000,derq,
IC,69ab4201051f7a00126929a2,1772831233643000,North Leg,0,,,,,alexandria,glebe-potomac-dqchytr8g,alexandria.safety-event,1773756122226000,derq,
IC,69ab4205ee080c00127aa594,1772831237073000,Intersection Center,0,,,,,alexandria,glebe-potomac-dqchytr8g,alexandria.safety-event,1773756122226000,derq,
IC,69ab53697ef9d70012a05046,1772835687022000,Intersection Center,0,,,,,alexandria,glebe-potomac-dqchytr8g,alexandria.safety-event,1773756122226000,derq,
IC,69ab5396f5fe5400122ecb62,1772835687323000,Intersection Center,0,,,,,alexandria,glebe-potomac-dqchytr8g,alexandria.safety-event,1773756122226000,derq,
NM-VRU,69ab98b8f5fe5400122f3e3e,1772853427439000,South Leg,0,,,Pedestrian,Passenger Vehicle,alexandria,glebe-potomac-dqchytr8g,alexandria.safety-event,1773756122227000,derq,
NM-VRU,69ab5a3fc134df0013bac501,1772837379824000,North Leg,0,,,Passenger Vehicle,Pedestrian,alexandria,glebe-potomac-dqchytr8g,alexandria.safety-event,1773756122227000,derq,
LCV,69acebdec134df0013bd3999,1772940254811000,South Leg,0,,,,,alexandria,glebe-potomac-dqchytr8g,alexandria.safety-event,1773759735086000,derq,
IC,69ac14e5051f7a00126a6e47,1772885221390000,North Leg,0,,,,,alexandria,glebe-potomac-dqchytr8g,alexandria.safety-event,1773759735086000,derq,
IC,69ac4d9ae974160012d5e7a7,1772899737208000,North Leg,0,,,,,alexandria,glebe-potomac-dqchytr8g,alexandria.safety-event,1773759735086000,derq,
IC,69ac8eda6ee7480011d6fae0,1772916441860000,Intersection Center,0,,,,,alexandria,glebe-potomac-dqchytr8g,alexandria.safety-event,1773759735086000,derq,
IC,69aca5dd6ee7480011d7219b,1772922333729000,North Leg,0,,,,,alexandria,glebe-potomac-dqchytr8g,alexandria.safety-event,1773759735086000,derq,
IC,69ace3676248a10013cacb02,1772938087562000,Intersection Center,0,,,,,alexandria,glebe-potomac-dqchytr8g,alexandria.safety-event,1773759735086000,derq,
LCV,69ac80c06ee7480011d6e37f,1772912831751000,North Leg,0,,,,,alexandria,glebe-potomac-dqchytr8g,alexandria.safety-event,1773759735086000,derq,
LCV,69acd3af6ee7480011d76c9f,1772934062884000,South Leg,0,,,,,alexandria,glebe-potomac-dqchytr8g,alexandria.safety-event,1773759735086000,derq,
LCV,69acb3176248a10013ca7d2b,1772925718873000,South Leg,0,,,,,alexandria,glebe-potomac-dqchytr8g,alexandria.safety-event,1773759735086000,derq,
LCV,69abfbcef5fe5400122fcf85,1772878798040000,South Leg,0,,,,,alexandria,glebe-potomac-dqchytr8g,alexandria.safety-event,1773759735086000,derq,
STPV,69ac373c7ef9d70012a1abb0,1772894005355000,North Leg,0,North,,,,alexandria,glebe-potomac-dqchytr8g,alexandria.safety-event,1773759735086000,derq,
STPV,69abfa57f5fe5400122fcd78,1772878416316000,Intersection Center,0,,,,,alexandria,glebe-potomac-dqchytr8g,alexandria.safety-event,1773759735086000,derq,
NM-VRU,69acc739051f7a00126b8fe3,1772930868886000,North Leg,0,,,Passenger Vehicle,Pedestrian,alexandria,glebe-potomac-dqchytr8g,alexandria.safety-event,1773759735086000,derq,
NM-VV,69ac72e87ef9d70012a20d1c,1772909284412000,Intersection Center,0,,,Passenger Vehicle,Passenger Vehicle,alexandria,glebe-potomac-dqchytr8g,alexandria.safety-event,1773759735086000,derq,
LCV,69ae339f051f7a00126dbeb8,1773024159676000,South Leg,0,,,,,alexandria,glebe-potomac-dqchytr8g,alexandria.safety-event,1773766917793000,derq,
LCV,69aeb621c134df0013bfecc3,1773057569515000,South Leg,0,,,,,alexandria,glebe-potomac-dqchytr8g,alexandria.safety-event,1773766917793000,derq,
IC,69aec0f9b7a1340012c2e990,1773060345405000,North Leg,0,,,,,alexandria,glebe-potomac-dqchytr8g,alexandria.safety-event,1773766917793000,derq,
LCV,69ae4b37051f7a00126de192,1773030198953000,North Leg,0,,,,,alexandria,glebe-potomac-dqchytr8g,alexandria.safety-event,1773766917793000,derq,
IC,69aeb3698c58520012652538,1773056872954000,Intersection Center,0,,,,,alexandria,glebe-potomac-dqchytr8g,alexandria.safety-event,1773766917793000,derq,
IC,69aee56b8c5852001265749e,1773069675681000,West Leg,0,,,,,alexandria,glebe-potomac-dqchytr8g,alexandria.safety-event,1773766917793000,derq,
IC,69aee6407ef9d70012a5d2e9,1773069887863000,West Leg,0,,,,,alexandria,glebe-potomac-dqchytr8g,alexandria.safety-event,1773766917793000,derq,
IC,69ae36918c585200126471b5,1773024913211000,Intersection Center,0,,,,,alexandria,glebe-potomac-dqchytr8g,alexandria.safety-event,1773766917793000,derq,
IC,69ae51277ef9d70012a4f636,1773031718943000,Intersection Center,0,,,,,alexandria,glebe-potomac-dqchytr8g,alexandria.safety-event,1773766917793000,derq,
NM-VRU,69aec417c134df0013c002fa,1773061139645000,South Leg,0,,,Pedestrian,Passenger Vehicle,alexandria,glebe-potomac-dqchytr8g,alexandria.safety-event,1773766917794000,derq,
LCV,69af86bb7ef9d70012a6ddf9,1773110970982000,South Leg,0,,,,,alexandria,glebe-potomac-dqchytr8g,alexandria.safety-event,1773770534805000,derq,
WWD,69af8bc4051f7a00126fd7fb,1773112260545000,West Leg,0,East,,,,alexandria,glebe-potomac-dqchytr8g,alexandria.safety-event,1773770534805000,derq,
STPV,69afcfb98c5852001266f00a,1773129650331000,Intersection Center,0,,,,,alexandria,glebe-potomac-dqchytr8g,alexandria.safety-event,1773770534805000,derq,
LCV,69aef9aab7a1340012c34610,1773074858381000,South Leg,0,,,,,alexandria,glebe-potomac-dqchytr8g,alexandria.safety-event,1773770534805000,derq,
LCV,69af064e051f7a00126efade,1773078093738000,South Leg,0,,,,,alexandria,glebe-potomac-dqchytr8g,alexandria.safety-event,1773770534805000,derq,
LCV,69af2c518c5852001265ed54,1773087825423000,North Leg,0,,,,,alexandria,glebe-potomac-dqchytr8g,alexandria.safety-event,1773770534805000,derq,
IC,69af27ab051f7a00126f33e9,1773086634906000,West Leg,0,,,,,alexandria,glebe-potomac-dqchytr8g,alexandria.safety-event,1773770534806000,derq,
IC,69af2f9a8c5852001265f2c4,1773088666309000,Intersection Center,0,,,,,alexandria,glebe-potomac-dqchytr8g,alexandria.safety-event,1773770534806000,derq,
IC,69af352ac134df0013c0bf49,1773090090324000,Intersection Center,0,,,,,alexandria,glebe-potomac-dqchytr8g,alexandria.safety-event,1773770534806000,derq,
IC,69af383c7ef9d70012a65c40,1773090876092000,West Leg,0,,,,,alexandria,glebe-potomac-dqchytr8g,alexandria.safety-event,1773770534806000,derq,
IC,69af3d9112a0560011a92c3c,1773092241038000,Intersection Center,0,,,,,alexandria,glebe-potomac-dqchytr8g,alexandria.safety-event,1773770534806000,derq,
IC,69af520ec134df0013c0f1ea,1773097486370000,South Leg,0,,,,,alexandria,glebe-potomac-dqchytr8g,alexandria.safety-event,1773770534806000,derq,
IC,69af85f712a0560011a9a4fa,1773110775551000,Intersection Center,0,,,,,alexandria,glebe-potomac-dqchytr8g,alexandria.safety-event,1773770534806000,derq,
IC,69af04ef8c5852001265a968,1773077743343000,Intersection Center,0,,,,,alexandria,glebe-potomac-dqchytr8g,alexandria.safety-event,1773770534806000,derq,
IC,69af09cbb7a1340012c3615f,1773078987383000,Intersection Center,0,,,,,alexandria,glebe-potomac-dqchytr8g,alexandria.safety-event,1773770534806000,derq,
IC,69af141012a0560011a8e640,1773081616131000,West Leg,0,,,,,alexandria,glebe-potomac-dqchytr8g,alexandria.safety-event,1773770534806000,derq,
IC,69af25d5c134df0013c0a5a1,1773086165800000,Intersection Center,0,,,,,alexandria,glebe-potomac-dqchytr8g,alexandria.safety-event,1773770534806000,derq,
IC,69af643d051f7a00126f9940,1773102140948000,Intersection Center,0,,,,,alexandria,glebe-potomac-dqchytr8g,alexandria.safety-event,1773770534806000,derq,
IC,69af7f90c134df0013c13da5,1773109136808000,Intersection Center,0,,,,,alexandria,glebe-potomac-dqchytr8g,alexandria.safety-event,1773770534806000,derq,
IC,69af804eb7a1340012c428cf,1773109326244000,Intersection Center,0,,,,,alexandria,glebe-potomac-dqchytr8g,alexandria.safety-event,1773770534806000,derq,
IC,69af8063c134df0013c13ef3,1773109347083000,Intersection Center,0,,,,,alexandria,glebe-potomac-dqchytr8g,alexandria.safety-event,1773770534806000,derq,
IC,69af84a2051f7a00126fcd04,1773110434673000,Intersection Center,0,,,,,alexandria,glebe-potomac-dqchytr8g,alexandria.safety-event,1773770534806000,derq,
IC,69af928fc134df0013c15ad7,1773113999521000,Intersection Center,0,,,,,alexandria,glebe-potomac-dqchytr8g,alexandria.safety-event,1773770534807000,derq,
IC,69afd05d051f7a0012703b70,1773129821608000,Intersection Center,0,,,,,alexandria,glebe-potomac-dqchytr8g,alexandria.safety-event,1773770534807000,derq,
NM-VV,69af33fec134df0013c0bd50,1773089786095000,Intersection Center,0,,,Passenger Vehicle,Passenger Vehicle,alexandria,glebe-potomac-dqchytr8g,alexandria.safety-event,1773770534807000,derq,
NM-VV,69af24b912a0560011a90291,1773085878193000,South Leg,0,,,Passenger Vehicle,Passenger Vehicle,alexandria,glebe-potomac-dqchytr8g,alexandria.safety-event,1773770534807000,derq,
IC,69af8bf0c134df0013c150e6,1773112303928000,Intersection Center,0,,,,,alexandria,glebe-potomac-dqchytr8g,alexandria.safety-event,1773770534807000,derq,
NM-VV,69b2e012754ddb0013895d9b,1773330446500000,Intersection Center,0,,,Passenger Vehicle,Passenger Vehicle,alexandria,glebe-potomac-dqchytr8g,alexandria.safety-event,1773777735940000,derq,
IC,69b2ca4689bb4e00122ce3e2,1773324870636000,West Leg,0,,,,,alexandria,glebe-potomac-dqchytr8g,alexandria.safety-event,1773777735940000,derq,
IC,69b2998afaa2eb0012e5ade2,1773312393955000,West Leg,0,,,,,alexandria,glebe-potomac-dqchytr8g,alexandria.safety-event,1773777735940000,derq,
IC,69b2c9c79091fa00110e6576,1773324743502000,South Leg,0,,,,,alexandria,glebe-potomac-dqchytr8g,alexandria.safety-event,1773777735940000,derq,
IC,69b2c09589bb4e00122cd45d,1773322388653000,Intersection Center,0,,,,,alexandria,glebe-potomac-dqchytr8g,alexandria.safety-event,1773777735940000,derq,
IC,69b2c690983302001227fb72,1773323919959000,Intersection Center,0,,,,,alexandria,glebe-potomac-dqchytr8g,alexandria.safety-event,1773777735940000,derq,
IC,69b2abd226b60e0013f1c639,1773317073992000,West Leg,0,,,,,alexandria,glebe-potomac-dqchytr8g,alexandria.safety-event,1773777735940000,derq,
LCV,69b2c974faa2eb0012e5f91b,1773324660814000,South Leg,0,,,,,alexandria,glebe-potomac-dqchytr8g,alexandria.safety-event,1773777735940000,derq,
IC,69b231e9e1050200127b6b95,1773285865102000,Intersection Center,0,,,,,alexandria,glebe-potomac-dqchytr8g,alexandria.safety-event,1773777735940000,derq,
STPV,69b29283ba9d12001268e4f7,1773310587693000,North Leg,0,North,,,,alexandria,glebe-potomac-dqchytr8g,alexandria.safety-event,1773777735940000,derq,
STPV,69b2065a23268a001291b1c4,1773274707214000,North Leg,0,North,,,,alexandria,glebe-potomac-dqchytr8g,alexandria.safety-event,1773777735940000,derq,
NM-VV,69b2b45426b60e0013f1d3a0,1773319248257000,Intersection Center,0,,,Passenger Vehicle,Passenger Vehicle,alexandria,glebe-potomac-dqchytr8g,alexandria.safety-event,1773777735940000,derq,
WWD,69b2149dc134df0013c56ea1,1773278365645000,West Leg,0,West,,,,alexandria,glebe-potomac-dqchytr8g,alexandria.safety-event,1773777735940000,derq,
STPV,69b3cacb9091fa001110056b,1773390532743000,North Leg,0,North,,,,alexandria,glebe-potomac-dqchytr8g,alexandria.safety-event,1773781325728000,derq,
STPV,69b31d88754ddb001389c63f,1773346177065000,Intersection Center,0,,,,,alexandria,glebe-potomac-dqchytr8g,alexandria.safety-event,1773781325728000,derq,
STPV,69b34aacfaa2eb0012e6d49a,1773357732953000,North Leg,0,North,,,,alexandria,glebe-potomac-dqchytr8g,alexandria.safety-event,1773781325728000,derq,
LCV,69b30dcf82848800124aa9af,1773342159834000,South Leg,0,,,,,alexandria,glebe-potomac-dqchytr8g,alexandria.safety-event,1773781325729000,derq,
LCV,69b302e29091fa00110ec5fd,1773339362160000,South Leg,0,,,,,alexandria,glebe-potomac-dqchytr8g,alexandria.safety-event,1773781325729000,derq,
IC,69b31b6bb3fbbc001394401b,1773345643626000,Intersection Center,0,,,,,alexandria,glebe-potomac-dqchytr8g,alexandria.safety-event,1773781325729000,derq,
IC,69b32b4db3fbbc0013945bcb,1773349709621000,Intersection Center,0,,,,,alexandria,glebe-potomac-dqchytr8g,alexandria.safety-event,1773781325729000,derq,
IC,69b353fbb3fbbc001394a26b,1773360123669000,North Leg,0,,,,,alexandria,glebe-potomac-dqchytr8g,alexandria.safety-event,1773781325729000,derq,
IC,69b36c6c754ddb00138a4c0d,1773366380404000,Intersection Center,0,,,,,alexandria,glebe-potomac-dqchytr8g,alexandria.safety-event,1773781325729000,derq,
IC,69b36c70754ddb00138a4c15,1773366384612000,Intersection Center,0,,,,,alexandria,glebe-potomac-dqchytr8g,alexandria.safety-event,1773781325729000,derq,
IC,69b3775c82848800124b5a28,1773369179934000,Intersection Center,0,,,,,alexandria,glebe-potomac-dqchytr8g,alexandria.safety-event,1773781325729000,derq,
IC,69b31659faa2eb0012e67b2d,1773344345355000,Intersection Center,0,,,,,alexandria,glebe-potomac-dqchytr8g,alexandria.safety-event,1773781325729000,derq,
IC,69b30656b3fbbc0013941b79,1773340246288000,Intersection Center,0,,,,,alexandria,glebe-potomac-dqchytr8g,alexandria.safety-event,1773781325729000,derq,
LCV,69b34214faa2eb0012e6c644,1773355539939000,South Leg,0,,,,,alexandria,glebe-potomac-dqchytr8g,alexandria.safety-event,1773781325729000,derq,
LCV,69b31b469091fa00110eef8f,1773345605093000,South Leg,0,,,,,alexandria,glebe-potomac-dqchytr8g,alexandria.safety-event,1773781325729000,derq,
IC,69b325bf754ddb001389d4b1,1773348287497000,South Leg,0,,,,,alexandria,glebe-potomac-dqchytr8g,alexandria.safety-event,1773781325729000,derq,
IC,69b348cc89bb4e00122dbc2c,1773357260642000,Intersection Center,0,,,,,alexandria,glebe-potomac-dqchytr8g,alexandria.safety-event,1773781325729000,derq,
IC,69b37d83b3fbbc001394e4cd,1773370754926000,Intersection Center,0,,,,,alexandria,glebe-potomac-dqchytr8g,alexandria.safety-event,1773781325729000,derq,
LCV,69b31b44754ddb001389c244,1773345604487000,South Leg,0,,,,,alexandria,glebe-potomac-dqchytr8g,alexandria.safety-event,1773781325729000,derq,
LCV,69b31643faa2eb0012e67b0c,1773344323199000,South Leg,0,,,,,alexandria,glebe-potomac-dqchytr8g,alexandria.safety-event,1773781325729000,derq,
IC,69b37e2c754ddb00138a67e1,1773370921324000,Intersection Center,0,,,,,alexandria,glebe-potomac-dqchytr8g,alexandria.safety-event,1773781325730000,derq,
NM-VRU,69b57becfaa2eb0012ea41c3,1773501416021000,South Leg,0,,,Pedestrian,Passenger Vehicle,alexandria,glebe-potomac-dqchytr8g,alexandria.safety-event,1773788517684000,derq,
STPV,69b523d5b3fbbc0013977eb2,1773478862605000,Intersection Center,0,,,,,alexandria,glebe-potomac-dqchytr8g,alexandria.safety-event,1773788517684000,derq,
IC,69b54ec1a938990012ecbb22,1773489857045000,Intersection Center,0,,,,,alexandria,glebe-potomac-dqchytr8g,alexandria.safety-event,1773788517684000,derq,
IC,69b595470479770012c786d6,1773507911668000,Intersection Center,0,,,,,alexandria,glebe-potomac-dqchytr8g,alexandria.safety-event,1773788517684000,derq,
IC,69b5a7b2b3fbbc0013984ac9,1773512625986000,Intersection Center,0,,,,,alexandria,glebe-potomac-dqchytr8g,alexandria.safety-event,1773788517684000,derq,
IC,69b5614bfaa2eb0012ea182c,1773494603359000,Intersection Center,0,,,,,alexandria,glebe-potomac-dqchytr8g,alexandria.safety-event,1773788517684000,derq,
IC,69b4e25b754ddb00138ca005,1773462107276000,Intersection Center,0,,,,,alexandria,glebe-potomac-dqchytr8g,alexandria.safety-event,1773788517684000,derq,
IC,69b4f42c754ddb00138cbb0a,1773466668736000,Intersection Center,0,,,,,alexandria,glebe-potomac-dqchytr8g,alexandria.safety-event,1773788517684000,derq,
IC,69b4df6aa938990012ec1773,1773461354805000,Intersection Center,0,,,,,alexandria,glebe-potomac-dqchytr8g,alexandria.safety-event,1773788517684000,derq,
LCV,69b59eb9a938990012ed3951,1773510328961000,South Leg,0,,,,,alexandria,glebe-potomac-dqchytr8g,alexandria.safety-event,1773788517684000,derq,
LCV,69b57d300479770012c75f3d,1773501744456000,South Leg,0,,,,,alexandria,glebe-potomac-dqchytr8g,alexandria.safety-event,1773788517684000,derq,
WWD,69b569fdfaa2eb0012ea2568,1773496829281000,South Leg,0,South,,,,alexandria,glebe-potomac-dqchytr8g,alexandria.safety-event,1773788517684000,derq,
STPV,69b5e3e182848800124f2ade,1773528026249000,North Leg,0,North,,,,alexandria,glebe-potomac-dqchytr8g,alexandria.safety-event,1773792120206000,derq,
STPV,69b5e8e80479770012c81458,1773529312947000,North Leg,0,North,,,,alexandria,glebe-potomac-dqchytr8g,alexandria.safety-event,1773792120207000,derq,
WWD,69b6b497b3fbbc001399ef06,1773581463112000,West Leg,0,West,,,,alexandria,glebe-potomac-dqchytr8g,alexandria.safety-event,1773792120207000,derq,
WWD,69b62b2a0479770012c87efc,1773546282867000,South Leg,0,North,,,,alexandria,glebe-potomac-dqchytr8g,alexandria.safety-event,1773792120207000,derq,
IC,69b609a2b3fbbc001398f084,1773537698248000,Intersection Center,0,,,,,alexandria,glebe-potomac-dqchytr8g,alexandria.safety-event,1773792120207000,derq,
LCV,69b5e062faa2eb0012eae9fd,1773527138403000,South Leg,0,,,,,alexandria,glebe-potomac-dqchytr8g,alexandria.safety-event,1773792120207000,derq,
IC,69b6bf418284880012507789,1773584193589000,Intersection Center,0,,,,,alexandria,glebe-potomac-dqchytr8g,alexandria.safety-event,1773792120207000,derq,
LCV,69b5f2b4faa2eb0012eb089f,1773531828042000,South Leg,0,,,,,alexandria,glebe-potomac-dqchytr8g,alexandria.safety-event,1773792120207000,derq,
LCV,69b61361b3fbbc0013990010,1773540193616000,South Leg,0,,,,,alexandria,glebe-potomac-dqchytr8g,alexandria.safety-event,1773792120207000,derq,
LCV,69b6d47b0479770012c97828,1773589627327000,South Leg,0,,,,,alexandria,glebe-potomac-dqchytr8g,alexandria.safety-event,1773792120207000,derq,
IC,69b63131faa2eb0012eb6c34,1773547825501000,Intersection Center,0,,,,,alexandria,glebe-potomac-dqchytr8g,alexandria.safety-event,1773792120207000,derq,
IC,69b61e08b3fbbc0013991104,1773542919729000,Intersection Center,0,,,,,alexandria,glebe-potomac-dqchytr8g,alexandria.safety-event,1773792120207000,derq,
IC,69b69a7d82848800125040ca,1773574781753000,Intersection Center,0,,,,,alexandria,glebe-potomac-dqchytr8g,alexandria.safety-event,1773792120207000,derq,
STPV,69b7b7da828488001251fa0d,1773647827713000,Intersection Center,0,,,,,alexandria,glebe-potomac-dqchytr8g,alexandria.safety-event,1773795717785000,derq,
STPV,69b6f868754ddb00138fdd06,1773598817111000,North Leg,0,North,,,,alexandria,glebe-potomac-dqchytr8g,alexandria.safety-event,1773795717785000,derq,
IC,69b760dbb3fbbc00139b0437,1773625563094000,North Leg,0,,,,,alexandria,glebe-potomac-dqchytr8g,alexandria.safety-event,1773795717785000,derq,
STPV,69b6e74e754ddb00138fc08f,1773594438862000,North Leg,0,North,,,,alexandria,glebe-potomac-dqchytr8g,alexandria.safety-event,1773795717785000,derq,
LCV,69b71411754ddb0013900beb,1773605905407000,South Leg,0,,,,,alexandria,glebe-potomac-dqchytr8g,alexandria.safety-event,1773795717785000,derq,
IC,69b713afa938990012ef84a1,1773605807511000,Intersection Center,0,,,,,alexandria,glebe-potomac-dqchytr8g,alexandria.safety-event,1773795717785000,derq,
IC,69b72b2f754ddb001390317a,1773611822916000,West Leg,0,,,,,alexandria,glebe-potomac-dqchytr8g,alexandria.safety-event,1773795717785000,derq,
IC,69b746e68284880012515418,1773618918913000,Intersection Center,0,,,,,alexandria,glebe-potomac-dqchytr8g,alexandria.safety-event,1773795717785000,derq,
IC,69b70896828488001250ee8a,1773602966351000,West Leg,0,,,,,alexandria,glebe-potomac-dqchytr8g,alexandria.safety-event,1773795717785000,derq,
LCV,69b73aa6754ddb0013904a7c,1773615782638000,South Leg,0,,,,,alexandria,glebe-potomac-dqchytr8g,alexandria.safety-event,1773795717785000,derq,
LCV,69b6dce7faa2eb0012ec68e5,1773591783781000,South Leg,0,,,,,alexandria,glebe-potomac-dqchytr8g,alexandria.safety-event,1773795717785000,derq,
LCV,69b6e96c828488001250bb0d,1773594987918000,South Leg,0,,,,,alexandria,glebe-potomac-dqchytr8g,alexandria.safety-event,1773795717785000,derq,
LCV,69b6eb65faa2eb0012ec8098,1773595493218000,South Leg,0,,,,,alexandria,glebe-potomac-dqchytr8g,alexandria.safety-event,1773795717785000,derq,
WWD,69b6fa500479770012c9b580,1773599312071000,West Leg,0,East,,,,alexandria,glebe-potomac-dqchytr8g,alexandria.safety-event,1773795717785000,derq,
IC,69b77845754ddb001390a9df,1773631557561000,Intersection Center,0,,,,,alexandria,glebe-potomac-dqchytr8g,alexandria.safety-event,1773795717786000,derq,
LCV,69b9cbff0479770012ce1ddd,1773784063537000,North Leg,0,,,,,alexandria,glebe-potomac-dqchytr8g,alexandria.safety-event,1773802936779000,derq,
IC,69b9c70282848800125534a2,1773782786634000,West Leg,0,,,,,alexandria,glebe-potomac-dqchytr8g,alexandria.safety-event,1773802936779000,derq,
IC,69b9afbe0479770012cded40,1773776830365000,Intersection Center,0,,,,,alexandria,glebe-potomac-dqchytr8g,alexandria.safety-event,1773802936779000,derq,
IC,69b9943d754ddb001393ee8f,1773769789321000,North Leg,0,,,,,alexandria,glebe-potomac-dqchytr8g,alexandria.safety-event,1773802936779000,derq,
IC,69b97e9f754ddb001393ca2f,1773764255383000,West Leg,0,,,,,alexandria,glebe-potomac-dqchytr8g,alexandria.safety-event,1773802936779000,derq,
IC,69b956eda938990012f301d2,1773754093643000,South Leg,0,,,,,alexandria,glebe-potomac-dqchytr8g,alexandria.safety-event,1773802936779000,derq,
IC,69b95256faa2eb0012f031e6,1773752917786000,South Leg,0,,,,,alexandria,glebe-potomac-dqchytr8g,alexandria.safety-event,1773802936779000,derq,
IC,69b94c67a938990012f2f0b5,1773751399446000,South Leg,0,,,,,alexandria,glebe-potomac-dqchytr8g,alexandria.safety-event,1773802936779000,derq,
IC,69b93989b3fbbc00139dd37b,1773746569327000,West Leg,0,,,,,alexandria,glebe-potomac-dqchytr8g,alexandria.safety-event,1773802936779000,derq,
STPV,69b90c2b754ddb001393173f,1773734948074000,Intersection Center,0,,,,,alexandria,glebe-potomac-dqchytr8g,alexandria.safety-event,1773802936779000,derq,
STPV,69b9cadffaa2eb0012f0fdc5,1773783767960000,North Leg,0,North,,,,alexandria,glebe-potomac-dqchytr8g,alexandria.safety-event,1773802936779000,derq,
WWD,69b98255754ddb001393d052,1773765205309000,West Leg,0,East,,,,alexandria,glebe-potomac-dqchytr8g,alexandria.safety-event,1773802936779000,derq,
LCV,69b9c5030479770012ce11aa,1773782275760000,South Leg,0,,,,,alexandria,glebe-potomac-dqchytr8g,alexandria.safety-event,1773802936779000,derq,
IC,69b9cbc30479770012ce1d73,1773784003389000,West Leg,0,,,,,alexandria,glebe-potomac-dqchytr8g,alexandria.safety-event,1773802936780000,derq,
NM-VV,69b9a89afaa2eb0012f0c2f7,1773774998468000,Intersection Center,0,,,Passenger Vehicle,Passenger Vehicle,alexandria,glebe-potomac-dqchytr8g,alexandria.safety-event,1773802936780000,derq,
IC,69b9cce1a938990012f3cb7e,1773784289342000,West Leg,0,,,,,alexandria,glebe-potomac-dqchytr8g,alexandria.safety-event,1773802936780000,derq,
NM-VV,69b969bc0479770012cd763c,1773758903731000,Intersection Center,0,,,Passenger Vehicle,Passenger Vehicle,alexandria,glebe-potomac-dqchytr8g,alexandria.safety-event,1773802936780000,derq,
NM-VV,69b94a7e828488001254633b,1773750905828000,Intersection Center,0,,,Passenger Vehicle,Passenger Vehicle,alexandria,glebe-potomac-dqchytr8g,alexandria.safety-event,1773802936780000,derq,
IC,69bac637828488001256bccc,1773848119693000,South Leg,0,,,,,alexandria,glebe-potomac-dqchytr8g,alexandria.safety-event,1773853339179000,derq,
LCV,69bac144754ddb001395c53e,1773846852395000,South Leg,0,,,,,alexandria,glebe-potomac-dqchytr8g,alexandria.safety-event,1773853339179000,derq,
NM-VRU,69bb216d82848800125758cc,1773871466212000,Intersection Center,0,,,Pedestrian,Passenger Vehicle,alexandria,glebe-potomac-dqchytr8g,alexandria.safety-event,1773878543066000,derq,"{""EventType"":""NM-VRU"",""EventId"":""69bb216d82848800125758cc"",""TimeAtSite"":""2026-03-18T18:04:26.212"",""DetectionArea"":""Intersection Center"",""CameraId"":""0"",""Object1Class"":""Pedestrian"",""Object2Class"":""Passenger Vehicle""}"
IC,69bb237cb3fbbc0013a0ead4,1773871996597000,Intersection Center,0,,,,,alexandria,glebe-potomac-dqchytr8g,alexandria.safety-event,1773878543066000,derq,"{""EventType"":""IC"",""EventId"":""69bb237cb3fbbc0013a0ead4"",""TimeAtSite"":""2026-03-18T18:13:16.597"",""DetectionArea"":""Intersection Center"",""CameraId"":""0""}"
IC,69bb2a27754ddb001396788e,1773873703348000,South Leg,0,,,,,alexandria,glebe-potomac-dqchytr8g,alexandria.safety-event,1773878543066000,derq,"{""EventType"":""IC"",""EventId"":""69bb2a27754ddb001396788e"",""TimeAtSite"":""2026-03-18T18:41:43.348"",""DetectionArea"":""South Leg"",""CameraId"":""0""}"
IC,69bb38a0b3fbbc0013a10f24,1773877408743000,Intersection Center,0,,,,,alexandria,glebe-potomac-dqchytr8g,alexandria.safety-event,1773882025208000,derq,"{""EventType"":""IC"",""EventId"":""69bb38a0b3fbbc0013a10f24"",""TimeAtSite"":""2026-03-18T19:43:28.743"",""DetectionArea"":""Intersection Center"",""CameraId"":""0""}"
STPV,69bb3b0ea938990012f615b6,1773878023434000,North Leg,0,North,,,,alexandria,glebe-potomac-dqchytr8g,alexandria.safety-event,1773882025208000,derq,"{""EventType"":""STPV"",""EventId"":""69bb3b0ea938990012f615b6"",""TimeAtSite"":""2026-03-18T19:53:43.434"",""DetectionArea"":""North Leg"",""CameraId"":""0"",""Direction"":""North""}"
LCV,69bb33a6a938990012f608f9,1773876134182000,South Leg,0,,,,,alexandria,glebe-potomac-dqchytr8g,alexandria.safety-event,1773882025208000,derq,"{""EventType"":""LCV"",""EventId"":""69bb33a6a938990012f608f9"",""TimeAtSite"":""2026-03-18T19:22:14.182"",""DetectionArea"":""South Leg"",""CameraId"":""0""}"
IC,69bb6189754ddb001396d3d4,1773887881081000,Intersection Center,0,,,,,alexandria,glebe-potomac-dqchytr8g,alexandria.safety-event,1773892815089000,derq,"{""EventType"":""IC"",""EventId"":""69bb6189754ddb001396d3d4"",""TimeAtSite"":""2026-03-18T22:38:01.081"",""DetectionArea"":""Intersection Center"",""CameraId"":""0""}"
IC,69bb6473b896cf00128c9240,1773888626784000,Intersection Center,0,,,,,alexandria,glebe-potomac-dqchytr8g,alexandria.safety-event,1773892815089000,derq,"{""EventType"":""IC"",""EventId"":""69bb6473b896cf00128c9240"",""TimeAtSite"":""2026-03-18T22:50:26.784"",""DetectionArea"":""Intersection Center"",""CameraId"":""0""}"
IC,69bb6473faa2eb0012f3890e,1773888627385000,Intersection Center,0,,,,,alexandria,glebe-potomac-dqchytr8g,alexandria.safety-event,1773892815089000,derq,"{""EventType"":""IC"",""EventId"":""69bb6473faa2eb0012f3890e"",""TimeAtSite"":""2026-03-18T22:50:27.385"",""DetectionArea"":""Intersection Center"",""CameraId"":""0""}"
IC,69bb6473b896cf00128c923e,1773888626684000,Intersection Center,0,,,,,alexandria,glebe-potomac-dqchytr8g,alexandria.safety-event,1773892815089000,derq,"{""EventType"":""IC"",""EventId"":""69bb6473b896cf00128c923e"",""TimeAtSite"":""2026-03-18T22:50:26.684"",""DetectionArea"":""Intersection Center"",""CameraId"":""0""}"
IC,69bb6332b896cf00128c9051,1773888305727000,Intersection Center,0,,,,,alexandria,glebe-potomac-dqchytr8g,alexandria.safety-event,1773892815089000,derq,"{""EventType"":""IC"",""EventId"":""69bb6332b896cf00128c9051"",""TimeAtSite"":""2026-03-18T22:45:05.727"",""DetectionArea"":""Intersection Center"",""CameraId"":""0""}"
NM-VV,69bbee908284880012589150,1773923981224000,Intersection Center,0,,,Passenger Vehicle,Passenger Vehicle,alexandria,glebe-potomac-dqchytr8g,alexandria.safety-event,1773928941186000,derq,"{""EventType"":""NM-VV"",""EventId"":""69bbee908284880012589150"",""TimeAtSite"":""2026-03-19T08:39:41.224"",""DetectionArea"":""Intersection Center"",""CameraId"":""0"",""Object1Class"":""Passenger Vehicle"",""Object2Class"":""Passenger Vehicle""}"
LCV,69bc02eeb3fbbc0013a243d2,1773929198346000,South Leg,0,,,,,alexandria,glebe-potomac-dqchytr8g,alexandria.safety-event,1773936018350000,derq,"{""EventType"":""LCV"",""EventId"":""69bc02eeb3fbbc0013a243d2"",""TimeAtSite"":""2026-03-19T10:06:38.346"",""DetectionArea"":""South Leg"",""CameraId"":""0""}"
IC,69bc0fecceb7d70013864816,1773932524010000,North Leg,0,,,,,alexandria,glebe-potomac-dqchytr8g,alexandria.safety-event,1773939741772000,derq,"{""EventType"":""IC"",""EventId"":""69bc0fecceb7d70013864816"",""TimeAtSite"":""2026-03-19T11:02:04.010"",""DetectionArea"":""North Leg"",""CameraId"":""0""}"
LCV,69bc1ce6faa2eb0012f4a175,1773935846051000,South Leg,0,,,,,alexandria,glebe-potomac-dqchytr8g,alexandria.safety-event,1773939741772000,derq,"{""EventType"":""LCV"",""EventId"":""69bc1ce6faa2eb0012f4a175"",""TimeAtSite"":""2026-03-19T11:57:26.051"",""DetectionArea"":""South Leg"",""CameraId"":""0""}"
IC,69bc6d79754ddb0013987d11,1773956473019000,Intersection Center,0,,,,,alexandria,glebe-potomac-dqchytr8g,alexandria.safety-event,1773964943679000,derq,"{""EventType"":""IC"",""EventId"":""69bc6d79754ddb0013987d11"",""TimeAtSite"":""2026-03-19T17:41:13.019"",""DetectionArea"":""Intersection Center"",""CameraId"":""0""}"
IC,69bc5d44b3fbbc0013a2df65,1773952324307000,West Leg,0,,,,,alexandria,glebe-potomac-dqchytr8g,alexandria.safety-event,1773964943679000,derq,"{""EventType"":""IC"",""EventId"":""69bc5d44b3fbbc0013a2df65"",""TimeAtSite"":""2026-03-19T16:32:04.307"",""DetectionArea"":""West Leg"",""CameraId"":""0""}"
IC,69bc5452754ddb0013985048,1773950034082000,West Leg,0,,,,,alexandria,glebe-potomac-dqchytr8g,alexandria.safety-event,1773964943679000,derq,"{""EventType"":""IC"",""EventId"":""69bc5452754ddb0013985048"",""TimeAtSite"":""2026-03-19T15:53:54.082"",""DetectionArea"":""West Leg"",""CameraId"":""0""}"
IC,69bc56a0ceb7d7001386c1c9,1773950623898000,Intersection Center,0,,,,,alexandria,glebe-potomac-dqchytr8g,alexandria.safety-event,1773964943679000,derq,"{""EventType"":""IC"",""EventId"":""69bc56a0ceb7d7001386c1c9"",""TimeAtSite"":""2026-03-19T16:03:43.898"",""DetectionArea"":""Intersection Center"",""CameraId"":""0""}"
IC,69bc4c52faa2eb0012f4f28b,1773947985893000,West Leg,0,,,,,alexandria,glebe-potomac-dqchytr8g,alexandria.safety-event,1773964943679000,derq,"{""EventType"":""IC"",""EventId"":""69bc4c52faa2eb0012f4f28b"",""TimeAtSite"":""2026-03-19T15:19:45.893"",""DetectionArea"":""West Leg"",""CameraId"":""0""}"
IC,69bc4858faa2eb0012f4eba8,1773946967880000,Intersection Center,0,,,,,alexandria,glebe-potomac-dqchytr8g,alexandria.safety-event,1773964943679000,derq,"{""EventType"":""IC"",""EventId"":""69bc4858faa2eb0012f4eba8"",""TimeAtSite"":""2026-03-19T15:02:47.880"",""DetectionArea"":""Intersection Center"",""CameraId"":""0""}"
IC,69bc42368284880012591cf0,1773945398633000,North Leg,0,,,,,alexandria,glebe-potomac-dqchytr8g,alexandria.safety-event,1773964943679000,derq,"{""EventType"":""IC"",""EventId"":""69bc42368284880012591cf0"",""TimeAtSite"":""2026-03-19T14:36:38.633"",""DetectionArea"":""North Leg"",""CameraId"":""0""}"
LCV,69bc579f82848800125941b1,1773950819759000,South Leg,0,,,,,alexandria,glebe-potomac-dqchytr8g,alexandria.safety-event,1773964943679000,derq,"{""EventType"":""LCV"",""EventId"":""69bc579f82848800125941b1"",""TimeAtSite"":""2026-03-19T16:06:59.759"",""DetectionArea"":""South Leg"",""CameraId"":""0""}"
LCV,69bc1f38754ddb001397f4a0,1773936440850000,South Leg,0,,,,,alexandria,glebe-potomac-dqchytr8g,alexandria.safety-event,1773964943679000,derq,"{""EventType"":""LCV"",""EventId"":""69bc1f38754ddb001397f4a0"",""TimeAtSite"":""2026-03-19T12:07:20.850"",""DetectionArea"":""South Leg"",""CameraId"":""0""}"
STPV,69bc7622b3fbbc0013a30ae9,1773958683247000,North Leg,0,North,,,,alexandria,glebe-potomac-dqchytr8g,alexandria.safety-event,1773964943679000,derq,"{""EventType"":""STPV"",""EventId"":""69bc7622b3fbbc0013a30ae9"",""TimeAtSite"":""2026-03-19T18:18:03.247"",""DetectionArea"":""North Leg"",""CameraId"":""0"",""Direction"":""North""}"
IC,69bc6b80754ddb00139879a0,1773955968379000,Intersection Center,0,,,,,alexandria,glebe-potomac-dqchytr8g,alexandria.safety-event,1773964943679000,derq,"{""EventType"":""IC"",""EventId"":""69bc6b80754ddb00139879a0"",""TimeAtSite"":""2026-03-19T17:32:48.379"",""DetectionArea"":""Intersection Center"",""CameraId"":""0""}"
NM-VRU,69bc598cfaa2eb0012f50a11,1773951369886000,South Leg,0,,,Passenger Vehicle,Bicycle,alexandria,glebe-potomac-dqchytr8g,alexandria.safety-event,1773964943680000,derq,"{""EventType"":""NM-VRU"",""EventId"":""69bc598cfaa2eb0012f50a11"",""TimeAtSite"":""2026-03-19T16:16:09.886"",""DetectionArea"":""South Leg"",""CameraId"":""0"",""Object1Class"":""Passenger Vehicle"",""Object2Class"":""Bicycle""}"
NM-VRU,69bc771f725e790012c32599,1773958939490000,South Leg,0,,,Passenger Vehicle,Pedestrian,alexandria,glebe-potomac-dqchytr8g,alexandria.safety-event,1773964943680000,derq,"{""EventType"":""NM-VRU"",""EventId"":""69bc771f725e790012c32599"",""TimeAtSite"":""2026-03-19T18:22:19.490"",""DetectionArea"":""South Leg"",""CameraId"":""0"",""Object1Class"":""Passenger Vehicle"",""Object2Class"":""Pedestrian""}"
IC,69bc73c6ceb7d7001386f522,1773958084503000,Intersection Center,0,,,,,alexandria,glebe-potomac-dqchytr8g,alexandria.safety-event,1773964943680000,derq,"{""EventType"":""IC"",""EventId"":""69bc73c6ceb7d7001386f522"",""TimeAtSite"":""2026-03-19T18:08:04.503"",""DetectionArea"":""Intersection Center"",""CameraId"":""0""}"
NM-VRU,69bc4801754ddb0013983ac5,1773946876892000,North Leg,0,,,Pedestrian,Passenger Vehicle,alexandria,glebe-potomac-dqchytr8g,alexandria.safety-event,1773964943680000,derq,"{""EventType"":""NM-VRU"",""EventId"":""69bc4801754ddb0013983ac5"",""TimeAtSite"":""2026-03-19T15:01:16.892"",""DetectionArea"":""North Leg"",""CameraId"":""0"",""Object1Class"":""Pedestrian"",""Object2Class"":""Passenger Vehicle""}"
IC,69bc7c21ceb7d700138703b7,1773960225448000,North Leg,0,,,,,alexandria,glebe-potomac-dqchytr8g,alexandria.safety-event,1773964943680000,derq,"{""EventType"":""IC"",""EventId"":""69bc7c21ceb7d700138703b7"",""TimeAtSite"":""2026-03-19T18:43:45.448"",""DetectionArea"":""North Leg"",""CameraId"":""0""}"
NM-VV,69bc3aec725e790012c2bd79,1773943528053000,Intersection Center,0,,,Passenger Vehicle,Passenger Vehicle,alexandria,glebe-potomac-dqchytr8g,alexandria.safety-event,1773964943680000,derq,"{""EventType"":""NM-VV"",""EventId"":""69bc3aec725e790012c2bd79"",""TimeAtSite"":""2026-03-19T14:05:28.053"",""DetectionArea"":""Intersection Center"",""CameraId"":""0"",""Object1Class"":""Passenger Vehicle"",""Object2Class"":""Passenger Vehicle""}"
NM-VRU,69bc771e754ddb0013988dfe,1773958938385000,South Leg,0,,,Passenger Vehicle,Pedestrian,alexandria,glebe-potomac-dqchytr8g,alexandria.safety-event,1773964943680000,derq,"{""EventType"":""NM-VRU"",""EventId"":""69bc771e754ddb0013988dfe"",""TimeAtSite"":""2026-03-19T18:22:18.385"",""DetectionArea"":""South Leg"",""CameraId"":""0"",""Object1Class"":""Passenger Vehicle"",""Object2Class"":""Pedestrian""}"
NM-VRU,69bc7645ceb7d7001386f995,1773958721423000,West Leg,0,,,Bicycle,Passenger Vehicle,alexandria,glebe-potomac-dqchytr8g,alexandria.safety-event,1773964943680000,derq,"{""EventType"":""NM-VRU"",""EventId"":""69bc7645ceb7d7001386f995"",""TimeAtSite"":""2026-03-19T18:18:41.423"",""DetectionArea"":""West Leg"",""CameraId"":""0"",""Object1Class"":""Bicycle"",""Object2Class"":""Passenger Vehicle""}"
IC,69bc7b328284880012597fc8,1773959986341000,Intersection Center,0,,,,,alexandria,glebe-potomac-dqchytr8g,alexandria.safety-event,1773964943680000,derq,"{""EventType"":""IC"",""EventId"":""69bc7b328284880012597fc8"",""TimeAtSite"":""2026-03-19T18:39:46.341"",""DetectionArea"":""Intersection Center"",""CameraId"":""0""}"
IC,69bc9b16faa2eb0012f57a1d,1773968150609000,Intersection Center,0,,,,,alexandria,glebe-potomac-dqchytr8g,alexandria.safety-event,1773972027990000,derq,"{""EventType"":""IC"",""EventId"":""69bc9b16faa2eb0012f57a1d"",""TimeAtSite"":""2026-03-19T20:55:50.609"",""DetectionArea"":""Intersection Center"",""CameraId"":""0""}"
IC,69bcc381754ddb0013990a70,1773978496875000,Intersection Center,0,,,,,alexandria,glebe-potomac-dqchytr8g,alexandria.safety-event,1773982819915000,derq,"{""EventType"":""IC"",""EventId"":""69bcc381754ddb0013990a70"",""TimeAtSite"":""2026-03-19T23:48:16.875"",""DetectionArea"":""Intersection Center"",""CameraId"":""0""}"
NM-VRU,69bd50a7725e790012c47338,1774014626707000,North Leg,0,,,Passenger Vehicle,Bicycle,alexandria,glebe-potomac-dqchytr8g,alexandria.safety-event,1774018823221000,derq,"{""EventType"":""NM-VRU"",""EventId"":""69bd50a7725e790012c47338"",""TimeAtSite"":""2026-03-20T09:50:26.707"",""DetectionArea"":""North Leg"",""CameraId"":""0"",""Object1Class"":""Passenger Vehicle"",""Object2Class"":""Bicycle""}"
LCV,69bd4c9fb3fbbc0013a45462,1774013598894000,South Leg,0,,,,,alexandria,glebe-potomac-dqchytr8g,alexandria.safety-event,1774018823221000,derq,"{""EventType"":""LCV"",""EventId"":""69bd4c9fb3fbbc0013a45462"",""TimeAtSite"":""2026-03-20T09:33:18.894"",""DetectionArea"":""South Leg"",""CameraId"":""0""}"
LCV,69bd8d6aceb7d7001388af48,1774030186764000,South Leg,0,,,,,alexandria,glebe-potomac-dqchytr8g,alexandria.safety-event,1774051223178000,derq,"{""EventType"":""LCV"",""EventId"":""69bd8d6aceb7d7001388af48"",""TimeAtSite"":""2026-03-20T14:09:46.764"",""DetectionArea"":""South Leg"",""CameraId"":""0""}"
LCV,69bd7929754ddb00139a2045,1774025001613000,South Leg,0,,,,,alexandria,glebe-potomac-dqchytr8g,alexandria.safety-event,1774051223178000,derq,"{""EventType"":""LCV"",""EventId"":""69bd7929754ddb00139a2045"",""TimeAtSite"":""2026-03-20T12:43:21.613"",""DetectionArea"":""South Leg"",""CameraId"":""0""}"
NM-VRU,69bdb4d882848800125b7177,1774040271174000,Intersection Center,0,,,Bicycle,Passenger Vehicle,alexandria,glebe-potomac-dqchytr8g,alexandria.safety-event,1774051223179000,derq,"{""EventType"":""NM-VRU"",""EventId"":""69bdb4d882848800125b7177"",""TimeAtSite"":""2026-03-20T16:57:51.174"",""DetectionArea"":""Intersection Center"",""CameraId"":""0"",""Object1Class"":""Bicycle"",""Object2Class"":""Passenger Vehicle""}"
NM-VV,69bda38fceb7d7001388d613,1774035851161000,Intersection Center,0,,,Passenger Vehicle,Passenger Vehicle,alexandria,glebe-potomac-dqchytr8g,alexandria.safety-event,1774051223179000,derq,"{""EventType"":""NM-VV"",""EventId"":""69bda38fceb7d7001388d613"",""TimeAtSite"":""2026-03-20T15:44:11.161"",""DetectionArea"":""Intersection Center"",""CameraId"":""0"",""Object1Class"":""Passenger Vehicle"",""Object2Class"":""Passenger Vehicle""}"
LCV,69bd94c7754ddb00139a4ff2,1774032071080000,South Leg,0,,,,,alexandria,glebe-potomac-dqchytr8g,alexandria.safety-event,1774051223179000,derq,"{""EventType"":""LCV"",""EventId"":""69bd94c7754ddb00139a4ff2"",""TimeAtSite"":""2026-03-20T14:41:11.080"",""DetectionArea"":""South Leg"",""CameraId"":""0""}"
LCV,69bdbba9faa2eb0012f74449,1774042025273000,South Leg,0,,,,,alexandria,glebe-potomac-dqchytr8g,alexandria.safety-event,1774051223179000,derq,"{""EventType"":""LCV"",""EventId"":""69bdbba9faa2eb0012f74449"",""TimeAtSite"":""2026-03-20T17:27:05.273"",""DetectionArea"":""South Leg"",""CameraId"":""0""}"
LCV,69bdc3a982848800125b8b40,1774044073273000,South Leg,0,,,,,alexandria,glebe-potomac-dqchytr8g,alexandria.safety-event,1774051223179000,derq,"{""EventType"":""LCV"",""EventId"":""69bdc3a982848800125b8b40"",""TimeAtSite"":""2026-03-20T18:01:13.273"",""DetectionArea"":""South Leg"",""CameraId"":""0""}"
IC,69bd8a2f754ddb00139a3dc1,1774029359647000,Intersection Center,0,,,,,alexandria,glebe-potomac-dqchytr8g,alexandria.safety-event,1774051223179000,derq,"{""EventType"":""IC"",""EventId"":""69bd8a2f754ddb00139a3dc1"",""TimeAtSite"":""2026-03-20T13:55:59.647"",""DetectionArea"":""Intersection Center"",""CameraId"":""0""}"
IC,69bd97e1754ddb00139a554e,1774032865102000,Intersection Center,0,,,,,alexandria,glebe-potomac-dqchytr8g,alexandria.safety-event,1774051223179000,derq,"{""EventType"":""IC"",""EventId"":""69bd97e1754ddb00139a554e"",""TimeAtSite"":""2026-03-20T14:54:25.102"",""DetectionArea"":""Intersection Center"",""CameraId"":""0""}"
IC,69bdbdd9ceb7d700138904cc,1774042584862000,West Leg,0,,,,,alexandria,glebe-potomac-dqchytr8g,alexandria.safety-event,1774051223179000,derq,"{""EventType"":""IC"",""EventId"":""69bdbdd9ceb7d700138904cc"",""TimeAtSite"":""2026-03-20T17:36:24.862"",""DetectionArea"":""West Leg"",""CameraId"":""0""}"
IC,69bdbef8faa2eb0012f74a5f,1774042872219000,West Leg,0,,,,,alexandria,glebe-potomac-dqchytr8g,alexandria.safety-event,1774051223179000,derq,"{""EventType"":""IC"",""EventId"":""69bdbef8faa2eb0012f74a5f"",""TimeAtSite"":""2026-03-20T17:41:12.219"",""DetectionArea"":""West Leg"",""CameraId"":""0""}"
NM-VRU,69bd6fe1754ddb00139a1062,1774022621219000,South Leg,0,,,Passenger Vehicle,Pedestrian,alexandria,glebe-potomac-dqchytr8g,alexandria.safety-event,1774051223179000,derq,"{""EventType"":""NM-VRU"",""EventId"":""69bd6fe1754ddb00139a1062"",""TimeAtSite"":""2026-03-20T12:03:41.219"",""DetectionArea"":""South Leg"",""CameraId"":""0"",""Object1Class"":""Passenger Vehicle"",""Object2Class"":""Pedestrian""}"
IC,69bdd81aceb7d700138932ca,1774049306070000,North Leg,0,,,,,alexandria,glebe-potomac-dqchytr8g,alexandria.safety-event,1774054825420000,derq,"{""EventType"":""IC"",""EventId"":""69bdd81aceb7d700138932ca"",""TimeAtSite"":""2026-03-20T19:28:26.070"",""DetectionArea"":""North Leg"",""CameraId"":""0""}"
LCV,69bdd70182848800125bad52,1774049025072000,South Leg,0,,,,,alexandria,glebe-potomac-dqchytr8g,alexandria.safety-event,1774054825420000,derq,"{""EventType"":""LCV"",""EventId"":""69bdd70182848800125bad52"",""TimeAtSite"":""2026-03-20T19:23:45.072"",""DetectionArea"":""South Leg"",""CameraId"":""0""}"
IC,69bde1d5725e790012c56f2f,1774051797596000,Intersection Center,0,,,,,alexandria,glebe-potomac-dqchytr8g,alexandria.safety-event,1774058423094000,derq,"{""EventType"":""IC"",""EventId"":""69bde1d5725e790012c56f2f"",""TimeAtSite"":""2026-03-20T20:09:57.596"",""DetectionArea"":""Intersection Center"",""CameraId"":""0""}"
STPV,69be0f1182848800125c0a45,1774063370308000,North Leg,0,North,,,,alexandria,glebe-potomac-dqchytr8g,alexandria.safety-event,1774069218186000,derq,"{""EventType"":""STPV"",""EventId"":""69be0f1182848800125c0a45"",""TimeAtSite"":""2026-03-20T23:22:50.308"",""DetectionArea"":""North Leg"",""CameraId"":""0"",""Direction"":""North""}"
LCV,69be610aceb7d700138a0701,1774084362198000,South Leg,0,,,,,alexandria,glebe-potomac-dqchytr8g,alexandria.safety-event,1774090812687000,derq,"{""EventType"":""LCV"",""EventId"":""69be610aceb7d700138a0701"",""TimeAtSite"":""2026-03-21T05:12:42.198"",""DetectionArea"":""South Leg"",""CameraId"":""0""}"
IC,69be7986754ddb00139bbecb,1774090630359000,South Leg,0,,,,,alexandria,glebe-potomac-dqchytr8g,alexandria.safety-event,1774094409302000,derq,"{""EventType"":""IC"",""EventId"":""69be7986754ddb00139bbecb"",""TimeAtSite"":""2026-03-21T06:57:10.359"",""DetectionArea"":""South Leg"",""CameraId"":""0""}"
IC,69be95aa754ddb00139be8d2,1774097834696000,Intersection Center,0,,,,,alexandria,glebe-potomac-dqchytr8g,alexandria.safety-event,1774101609210000,derq,"{""EventType"":""IC"",""EventId"":""69be95aa754ddb00139be8d2"",""TimeAtSite"":""2026-03-21T08:57:14.696"",""DetectionArea"":""Intersection Center"",""CameraId"":""0""}"
NM-VRU,69bea6e5faa2eb0012f8b1b1,1774102240966000,South Leg,0,,,Passenger Vehicle,Pedestrian,alexandria,glebe-potomac-dqchytr8g,alexandria.safety-event,1774108812955000,derq,"{""EventType"":""NM-VRU"",""EventId"":""69bea6e5faa2eb0012f8b1b1"",""TimeAtSite"":""2026-03-21T10:10:40.966"",""DetectionArea"":""South Leg"",""CameraId"":""0"",""Object1Class"":""Passenger Vehicle"",""Object2Class"":""Pedestrian""}"
NM-VRU,69beafb382848800125cf92d,1774104496723000,Intersection Center,0,,,Bicycle,Passenger Vehicle,alexandria,glebe-potomac-dqchytr8g,alexandria.safety-event,1774108812955000,derq,"{""EventType"":""NM-VRU"",""EventId"":""69beafb382848800125cf92d"",""TimeAtSite"":""2026-03-21T10:48:16.723"",""DetectionArea"":""Intersection Center"",""CameraId"":""0"",""Object1Class"":""Bicycle"",""Object2Class"":""Passenger Vehicle""}"
LCV,69becec9faa2eb0012f8f456,1774112456841000,South Leg,0,,,,,alexandria,glebe-potomac-dqchytr8g,alexandria.safety-event,1774119612245000,derq,"{""EventType"":""LCV"",""EventId"":""69becec9faa2eb0012f8f456"",""TimeAtSite"":""2026-03-21T13:00:56.841"",""DetectionArea"":""South Leg"",""CameraId"":""0""}"
LCV,69bed54fb3fbbc0013a6cecb,1774114127705000,South Leg,0,,,,,alexandria,glebe-potomac-dqchytr8g,alexandria.safety-event,1774119612245000,derq,"{""EventType"":""LCV"",""EventId"":""69bed54fb3fbbc0013a6cecb"",""TimeAtSite"":""2026-03-21T13:28:47.705"",""DetectionArea"":""South Leg"",""CameraId"":""0""}"
IC,69bee62a754ddb00139c6f3d,1774118442525000,Intersection Center,0,,,,,alexandria,glebe-potomac-dqchytr8g,alexandria.safety-event,1774123211721000,derq,"{""EventType"":""IC"",""EventId"":""69bee62a754ddb00139c6f3d"",""TimeAtSite"":""2026-03-21T14:40:42.525"",""DetectionArea"":""Intersection Center"",""CameraId"":""0""}"
IC,69bee19e725e790012c70129,1774117277754000,Intersection Center,0,,,,,alexandria,glebe-potomac-dqchytr8g,alexandria.safety-event,1774123211721000,derq,"{""EventType"":""IC"",""EventId"":""69bee19e725e790012c70129"",""TimeAtSite"":""2026-03-21T14:21:17.754"",""DetectionArea"":""Intersection Center"",""CameraId"":""0""}"
LCV,69beeb4efaa2eb0012f925b9,1774119758625000,South Leg,0,,,,,alexandria,glebe-potomac-dqchytr8g,alexandria.safety-event,1774126813655000,derq,"{""EventType"":""LCV"",""EventId"":""69beeb4efaa2eb0012f925b9"",""TimeAtSite"":""2026-03-21T15:02:38.625"",""DetectionArea"":""South Leg"",""CameraId"":""0""}"
IC,69bf0697754ddb00139ca888,1774126743063000,North Leg,0,,,,,alexandria,glebe-potomac-dqchytr8g,alexandria.safety-event,1774130416056000,derq,"{""EventType"":""IC"",""EventId"":""69bf0697754ddb00139ca888"",""TimeAtSite"":""2026-03-21T16:59:03.063"",""DetectionArea"":""North Leg"",""CameraId"":""0""}"
NM-VV,69bf068dfaa2eb0012f9557f,1774126728993000,Intersection Center,0,,,Passenger Vehicle,Passenger Vehicle,alexandria,glebe-potomac-dqchytr8g,alexandria.safety-event,1774130416056000,derq,"{""EventType"":""NM-VV"",""EventId"":""69bf068dfaa2eb0012f9557f"",""TimeAtSite"":""2026-03-21T16:58:48.993"",""DetectionArea"":""Intersection Center"",""CameraId"":""0"",""Object1Class"":""Passenger Vehicle"",""Object2Class"":""Passenger Vehicle""}"
NM-VRU,69bf02dd754ddb00139ca1d2,1774125785075000,South Leg,0,,,Passenger Vehicle,Pedestrian,alexandria,glebe-potomac-dqchytr8g,alexandria.safety-event,1774130416056000,derq,"{""EventType"":""NM-VRU"",""EventId"":""69bf02dd754ddb00139ca1d2"",""TimeAtSite"":""2026-03-21T16:43:05.075"",""DetectionArea"":""South Leg"",""CameraId"":""0"",""Object1Class"":""Passenger Vehicle"",""Object2Class"":""Pedestrian""}"
IC,69bf0668faa2eb0012f9553f,1774126696815000,North Leg,0,,,,,alexandria,glebe-potomac-dqchytr8g,alexandria.safety-event,1774130416056000,derq,"{""EventType"":""IC"",""EventId"":""69bf0668faa2eb0012f9553f"",""TimeAtSite"":""2026-03-21T16:58:16.815"",""DetectionArea"":""North Leg"",""CameraId"":""0""}"
IC,69bf0668725e790012c7425c,1774126696012000,North Leg,0,,,,,alexandria,glebe-potomac-dqchytr8g,alexandria.safety-event,1774130416056000,derq,"{""EventType"":""IC"",""EventId"":""69bf0668725e790012c7425c"",""TimeAtSite"":""2026-03-21T16:58:16.012"",""DetectionArea"":""North Leg"",""CameraId"":""0""}"
NM-VRU,69bf0743ceb7d700138b1399,1774126911543000,South Leg,0,,,Pedestrian,Passenger Vehicle,alexandria,glebe-potomac-dqchytr8g,alexandria.safety-event,1774134017096000,derq,"{""EventType"":""NM-VRU"",""EventId"":""69bf0743ceb7d700138b1399"",""TimeAtSite"":""2026-03-21T17:01:51.543"",""DetectionArea"":""South Leg"",""CameraId"":""0"",""Object1Class"":""Pedestrian"",""Object2Class"":""Passenger Vehicle""}"
NM-VRU,69bf08e7ceb7d700138b1698,1774127332900000,West Leg,0,,,Bicycle,Bus,alexandria,glebe-potomac-dqchytr8g,alexandria.safety-event,1774134017096000,derq,"{""EventType"":""NM-VRU"",""EventId"":""69bf08e7ceb7d700138b1698"",""TimeAtSite"":""2026-03-21T17:08:52.900"",""DetectionArea"":""West Leg"",""CameraId"":""0"",""Object1Class"":""Bicycle"",""Object2Class"":""Bus""}"
IC,69bf1789faa2eb0012f97352,1774131081800000,Intersection Center,0,,,,,alexandria,glebe-potomac-dqchytr8g,alexandria.safety-event,1774137614933000,derq,"{""EventType"":""IC"",""EventId"":""69bf1789faa2eb0012f97352"",""TimeAtSite"":""2026-03-21T18:11:21.800"",""DetectionArea"":""Intersection Center"",""CameraId"":""0""}"
IC,69bf178ab3fbbc0013a7435b,1774131082701000,Intersection Center,0,,,,,alexandria,glebe-potomac-dqchytr8g,alexandria.safety-event,1774137614934000,derq,"{""EventType"":""IC"",""EventId"":""69bf178ab3fbbc0013a7435b"",""TimeAtSite"":""2026-03-21T18:11:22.701"",""DetectionArea"":""Intersection Center"",""CameraId"":""0""}"
IC,69bf1b32ceb7d700138b3620,1774132018533000,West Leg,0,,,,,alexandria,glebe-potomac-dqchytr8g,alexandria.safety-event,1774137614934000,derq,"{""EventType"":""IC"",""EventId"":""69bf1b32ceb7d700138b3620"",""TimeAtSite"":""2026-03-21T18:26:58.533"",""DetectionArea"":""West Leg"",""CameraId"":""0""}"
LCV,69bf2be2754ddb00139ce9ce,1774136290343000,South Leg,0,,,,,alexandria,glebe-potomac-dqchytr8g,alexandria.safety-event,1774141214321000,derq,"{""EventType"":""LCV"",""EventId"":""69bf2be2754ddb00139ce9ce"",""TimeAtSite"":""2026-03-21T19:38:10.343"",""DetectionArea"":""South Leg"",""CameraId"":""0""}"
IC,69bf2b65ceb7d700138b5224,1774136164943000,Intersection Center,0,,,,,alexandria,glebe-potomac-dqchytr8g,alexandria.safety-event,1774141214321000,derq,"{""EventType"":""IC"",""EventId"":""69bf2b65ceb7d700138b5224"",""TimeAtSite"":""2026-03-21T19:36:04.943"",""DetectionArea"":""Intersection Center"",""CameraId"":""0""}"
IC,69bf60c05c6a9b00122d2d79,1774149824314000,Intersection Center,0,,,,,alexandria,glebe-potomac-dqchytr8g,alexandria.safety-event,1774155610767000,derq,"{""EventType"":""IC"",""EventId"":""69bf60c05c6a9b00122d2d79"",""TimeAtSite"":""2026-03-21T23:23:44.314"",""DetectionArea"":""Intersection Center"",""CameraId"":""0""}"
IC,69bf5f71754ddb00139d3e38,1774149489130000,Intersection Center,0,,,,,alexandria,glebe-potomac-dqchytr8g,alexandria.safety-event,1774155610767000,derq,"{""EventType"":""IC"",""EventId"":""69bf5f71754ddb00139d3e38"",""TimeAtSite"":""2026-03-21T23:18:09.130"",""DetectionArea"":""Intersection Center"",""CameraId"":""0""}"
IC,69bf6bec7bdcb400120fa591,1774152684027000,Intersection Center,0,,,,,alexandria,glebe-potomac-dqchytr8g,alexandria.safety-event,1774159212651000,derq,"{""EventType"":""IC"",""EventId"":""69bf6bec7bdcb400120fa591"",""TimeAtSite"":""2026-03-22T00:11:24.027"",""DetectionArea"":""Intersection Center"",""CameraId"":""0""}"
STPV,69bf8509faa2eb0012fa235e,1774159106388000,North Leg,0,North,,,,alexandria,glebe-potomac-dqchytr8g,alexandria.safety-event,1774162811666000,derq,"{""EventType"":""STPV"",""EventId"":""69bf8509faa2eb0012fa235e"",""TimeAtSite"":""2026-03-22T01:58:26.388"",""DetectionArea"":""North Leg"",""CameraId"":""0"",""Direction"":""North""}"
IC,69bf7e457bdcb400120fc171,1774157374787000,Intersection Center,0,,,,,alexandria,glebe-potomac-dqchytr8g,alexandria.safety-event,1774162811667000,derq,"{""EventType"":""IC"",""EventId"":""69bf7e457bdcb400120fc171"",""TimeAtSite"":""2026-03-22T01:29:34.787"",""DetectionArea"":""Intersection Center"",""CameraId"":""0""}"
STPV,69bfb37bb3fbbc0013a8382f,1774170995967000,North Leg,0,North,,,,alexandria,glebe-potomac-dqchytr8g,alexandria.safety-event,1774177210296000,derq,"{""EventType"":""STPV"",""EventId"":""69bfb37bb3fbbc0013a8382f"",""TimeAtSite"":""2026-03-22T05:16:35.967"",""DetectionArea"":""North Leg"",""CameraId"":""0"",""Direction"":""North""}"
IC,69bff733faa2eb0012fac7fc,1774188339856000,Intersection Center,0,,,,,alexandria,glebe-potomac-dqchytr8g,alexandria.safety-event,1774195211587000,derq,"{""EventType"":""IC"",""EventId"":""69bff733faa2eb0012fac7fc"",""TimeAtSite"":""2026-03-22T10:05:39.856"",""DetectionArea"":""Intersection Center"",""CameraId"":""0""}"
LCV,69c0099bb3fbbc0013a8b709,1774193051300000,South Leg,0,,,,,alexandria,glebe-potomac-dqchytr8g,alexandria.safety-event,1774198809189000,derq,"{""EventType"":""LCV"",""EventId"":""69c0099bb3fbbc0013a8b709"",""TimeAtSite"":""2026-03-22T11:24:11.300"",""DetectionArea"":""South Leg"",""CameraId"":""0""}"
IC,69c016cd7bdcb4001210a2a1,1774196429143000,Intersection Center,0,,,,,alexandria,glebe-potomac-dqchytr8g,alexandria.safety-event,1774202409248000,derq,"{""EventType"":""IC"",""EventId"":""69c016cd7bdcb4001210a2a1"",""TimeAtSite"":""2026-03-22T12:20:29.143"",""DetectionArea"":""Intersection Center"",""CameraId"":""0""}"
IC,69c014007bdcb40012109df0,1774195712400000,Intersection Center,0,,,,,alexandria,glebe-potomac-dqchytr8g,alexandria.safety-event,1774202409248000,derq,"{""EventType"":""IC"",""EventId"":""69c014007bdcb40012109df0"",""TimeAtSite"":""2026-03-22T12:08:32.400"",""DetectionArea"":""Intersection Center"",""CameraId"":""0""}"
IC,69c016cdb3fbbc0013a8cc3c,1774196428941000,Intersection Center,0,,,,,alexandria,glebe-potomac-dqchytr8g,alexandria.safety-event,1774202409248000,derq,"{""EventType"":""IC"",""EventId"":""69c016cdb3fbbc0013a8cc3c"",""TimeAtSite"":""2026-03-22T12:20:28.941"",""DetectionArea"":""Intersection Center"",""CameraId"":""0""}"
IC,69c02ac95c6a9b00122e5dba,1774201545179000,South Leg,0,,,,,alexandria,glebe-potomac-dqchytr8g,alexandria.safety-event,1774206006912000,derq,"{""EventType"":""IC"",""EventId"":""69c02ac95c6a9b00122e5dba"",""TimeAtSite"":""2026-03-22T13:45:45.179"",""DetectionArea"":""South Leg"",""CameraId"":""0""}"
STPV,69c04847b3fbbc0013a91ebb,1774209087839000,North Leg,0,North,,,,alexandria,glebe-potomac-dqchytr8g,alexandria.safety-event,1774213209438000,derq,"{""EventType"":""STPV"",""EventId"":""69c04847b3fbbc0013a91ebb"",""TimeAtSite"":""2026-03-22T15:51:27.839"",""DetectionArea"":""North Leg"",""CameraId"":""0"",""Direction"":""North""}"
NM-VRU,69c045577bdcb4001210f0a4,1774208338344000,South Leg,0,,,Pedestrian,Passenger Vehicle,alexandria,glebe-potomac-dqchytr8g,alexandria.safety-event,1774213209439000,derq,"{""EventType"":""NM-VRU"",""EventId"":""69c045577bdcb4001210f0a4"",""TimeAtSite"":""2026-03-22T15:38:58.344"",""DetectionArea"":""South Leg"",""CameraId"":""0"",""Object1Class"":""Pedestrian"",""Object2Class"":""Passenger Vehicle""}"
LCV,69c050c85c6a9b00122e9dce,1774211272088000,South Leg,0,,,,,alexandria,glebe-potomac-dqchytr8g,alexandria.safety-event,1774216811110000,derq,"{""EventType"":""LCV"",""EventId"":""69c050c85c6a9b00122e9dce"",""TimeAtSite"":""2026-03-22T16:27:52.088"",""DetectionArea"":""South Leg"",""CameraId"":""0""}"
IC,69c06e3682848800125fc5dc,1774218806314000,Intersection Center,0,,,,,alexandria,glebe-potomac-dqchytr8g,alexandria.safety-event,1774224011448000,derq,"{""EventType"":""IC"",""EventId"":""69c06e3682848800125fc5dc"",""TimeAtSite"":""2026-03-22T18:33:26.314"",""DetectionArea"":""Intersection Center"",""CameraId"":""0""}"
LCV,69c069e0b3fbbc0013a9570c,1774217696455000,South Leg,0,,,,,alexandria,glebe-potomac-dqchytr8g,alexandria.safety-event,1774224011448000,derq,"{""EventType"":""LCV"",""EventId"":""69c069e0b3fbbc0013a9570c"",""TimeAtSite"":""2026-03-22T18:14:56.455"",""DetectionArea"":""South Leg"",""CameraId"":""0""}"
WWD,69c0674fb3fbbc0013a952e2,1774217038816000,West Leg,0,East,,,,alexandria,glebe-potomac-dqchytr8g,alexandria.safety-event,1774224011448000,derq,"{""EventType"":""WWD"",""EventId"":""69c0674fb3fbbc0013a952e2"",""TimeAtSite"":""2026-03-22T18:03:58.816"",""DetectionArea"":""West Leg"",""CameraId"":""0"",""Direction"":""East""}"
LCV,69c0733cfaa2eb0012fb94ae,1774220092121000,South Leg,0,,,,,alexandria,glebe-potomac-dqchytr8g,alexandria.safety-event,1774224011448000,derq,"{""EventType"":""LCV"",""EventId"":""69c0733cfaa2eb0012fb94ae"",""TimeAtSite"":""2026-03-22T18:54:52.121"",""DetectionArea"":""South Leg"",""CameraId"":""0""}"
IC,69c06fa5754ddb00139ee291,1774219173178000,Intersection Center,0,,,,,alexandria,glebe-potomac-dqchytr8g,alexandria.safety-event,1774224011449000,derq,"{""EventType"":""IC"",""EventId"":""69c06fa5754ddb00139ee291"",""TimeAtSite"":""2026-03-22T18:39:33.178"",""DetectionArea"":""Intersection Center"",""CameraId"":""0""}"
IC,69c06fa5b3fbbc0013a9608d,1774219172876000,Intersection Center,0,,,,,alexandria,glebe-potomac-dqchytr8g,alexandria.safety-event,1774224011449000,derq,"{""EventType"":""IC"",""EventId"":""69c06fa5b3fbbc0013a9608d"",""TimeAtSite"":""2026-03-22T18:39:32.876"",""DetectionArea"":""Intersection Center"",""CameraId"":""0""}"
IC,69c06fa4faa2eb0012fb8eb9,1774219172775000,Intersection Center,0,,,,,alexandria,glebe-potomac-dqchytr8g,alexandria.safety-event,1774224011449000,derq,"{""EventType"":""IC"",""EventId"":""69c06fa4faa2eb0012fb8eb9"",""TimeAtSite"":""2026-03-22T18:39:32.775"",""DetectionArea"":""Intersection Center"",""CameraId"":""0""}"
IC,69c06fa582848800125fc821,1774219172775000,Intersection Center,0,,,,,alexandria,glebe-potomac-dqchytr8g,alexandria.safety-event,1774224011449000,derq,"{""EventType"":""IC"",""EventId"":""69c06fa582848800125fc821"",""TimeAtSite"":""2026-03-22T18:39:32.775"",""DetectionArea"":""Intersection Center"",""CameraId"":""0""}"
LCV,69c08e8efaa2eb0012fbc102,1774227085801000,South Leg,0,,,,,alexandria,glebe-potomac-dqchytr8g,alexandria.safety-event,1774231210048000,derq,"{""EventType"":""LCV"",""EventId"":""69c08e8efaa2eb0012fbc102"",""TimeAtSite"":""2026-03-22T20:51:25.801"",""DetectionArea"":""South Leg"",""CameraId"":""0""}"
LCV,69c0926afaa2eb0012fbc73a,1774228074265000,South Leg,0,,,,,alexandria,glebe-potomac-dqchytr8g,alexandria.safety-event,1774234807452000,derq,"{""EventType"":""LCV"",""EventId"":""69c0926afaa2eb0012fbc73a"",""TimeAtSite"":""2026-03-22T21:07:54.265"",""DetectionArea"":""South Leg"",""CameraId"":""0""}"
STPV,69c0b3595c6a9b00122f3ca8,1774236498364000,North Leg,0,North,,,,alexandria,glebe-potomac-dqchytr8g,alexandria.safety-event,1774242009095000,derq,"{""EventType"":""STPV"",""EventId"":""69c0b3595c6a9b00122f3ca8"",""TimeAtSite"":""2026-03-22T23:28:18.364"",""DetectionArea"":""North Leg"",""CameraId"":""0"",""Direction"":""North""}"
STPV,69c0f5dc754ddb00139fad67,1774253524784000,North Leg,0,North,,,,alexandria,glebe-potomac-dqchytr8g,alexandria.safety-event,1774260009127000,derq,"{""EventType"":""STPV"",""EventId"":""69c0f5dc754ddb00139fad67"",""TimeAtSite"":""2026-03-23T04:12:04.784"",""DetectionArea"":""North Leg"",""CameraId"":""0"",""Direction"":""North""}"
IC,69c12f67b3fbbc0013aa7ea9,1774268263024000,Intersection Center,0,,,,,alexandria,glebe-potomac-dqchytr8g,alexandria.safety-event,1774278009622000,derq,"{""EventType"":""IC"",""EventId"":""69c12f67b3fbbc0013aa7ea9"",""TimeAtSite"":""2026-03-23T08:17:43.024"",""DetectionArea"":""Intersection Center"",""CameraId"":""0""}"
IC,69c130945c6a9b00122ff12a,1774268563956000,South Leg,0,,,,,alexandria,glebe-potomac-dqchytr8g,alexandria.safety-event,1774278009622000,derq,"{""EventType"":""IC"",""EventId"":""69c130945c6a9b00122ff12a"",""TimeAtSite"":""2026-03-23T08:22:43.956"",""DetectionArea"":""South Leg"",""CameraId"":""0""}"
NM-VV,69c143b9faa2eb0012fccd14,1774273461491000,Intersection Center,0,,,Passenger Vehicle,Passenger Vehicle,alexandria,glebe-potomac-dqchytr8g,alexandria.safety-event,1774278009622000,derq,"{""EventType"":""NM-VV"",""EventId"":""69c143b9faa2eb0012fccd14"",""TimeAtSite"":""2026-03-23T09:44:21.491"",""DetectionArea"":""Intersection Center"",""CameraId"":""0"",""Object1Class"":""Passenger Vehicle"",""Object2Class"":""Passenger Vehicle""}"
IC,69c12fcb754ddb0013a001f4,1774268362921000,Intersection Center,0,,,,,alexandria,glebe-potomac-dqchytr8g,alexandria.safety-event,1774278009622000,derq,"{""EventType"":""IC"",""EventId"":""69c12fcb754ddb0013a001f4"",""TimeAtSite"":""2026-03-23T08:19:22.921"",""DetectionArea"":""Intersection Center"",""CameraId"":""0""}"
LCV,69c1395f828488001260f485,1774270814260000,South Leg,0,,,,,alexandria,glebe-potomac-dqchytr8g,alexandria.safety-event,1774278009622000,derq,"{""EventType"":""LCV"",""EventId"":""69c1395f828488001260f485"",""TimeAtSite"":""2026-03-23T09:00:14.260"",""DetectionArea"":""South Leg"",""CameraId"":""0""}"
LCV,69c14e2fb3fbbc0013aab12a,1774276143135000,South Leg,0,,,,,alexandria,glebe-potomac-dqchytr8g,alexandria.safety-event,1774281609400000,derq,"{""EventType"":""LCV"",""EventId"":""69c14e2fb3fbbc0013aab12a"",""TimeAtSite"":""2026-03-23T10:29:03.135"",""DetectionArea"":""South Leg"",""CameraId"":""0""}"
LCV,69c1483b754ddb0013a02a5d,1774274618925000,South Leg,0,,,,,alexandria,glebe-potomac-dqchytr8g,alexandria.safety-event,1774281609400000,derq,"{""EventType"":""LCV"",""EventId"":""69c1483b754ddb0013a02a5d"",""TimeAtSite"":""2026-03-23T10:03:38.925"",""DetectionArea"":""South Leg"",""CameraId"":""0""}"
LCV,69c163788284880012613a6b,1774281592625000,South Leg,0,,,,,alexandria,glebe-potomac-dqchytr8g,alexandria.safety-event,1774285208466000,derq,"{""EventType"":""LCV"",""EventId"":""69c163788284880012613a6b"",""TimeAtSite"":""2026-03-23T11:59:52.625"",""DetectionArea"":""South Leg"",""CameraId"":""0""}"
IC,69c161ffb3fbbc0013aad2f1,1774281215015000,West Leg,0,,,,,alexandria,glebe-potomac-dqchytr8g,alexandria.safety-event,1774285208466000,derq,"{""EventType"":""IC"",""EventId"":""69c161ffb3fbbc0013aad2f1"",""TimeAtSite"":""2026-03-23T11:53:35.015"",""DetectionArea"":""West Leg"",""CameraId"":""0""}"
LCV,69c16308faa2eb0012fd021c,1774281473099000,South Leg,0,,,,,alexandria,glebe-potomac-dqchytr8g,alexandria.safety-event,1774285208466000,derq,"{""EventType"":""LCV"",""EventId"":""69c16308faa2eb0012fd021c"",""TimeAtSite"":""2026-03-23T11:57:53.099"",""DetectionArea"":""South Leg"",""CameraId"":""0""}"
IC,69c16ca37bdcb4001212bdb1,1774283939574000,Intersection Center,0,,,,,alexandria,glebe-potomac-dqchytr8g,alexandria.safety-event,1774289110314000,derq,"{""EventType"":""IC"",""EventId"":""69c16ca37bdcb4001212bdb1"",""TimeAtSite"":""2026-03-23T12:38:59.574"",""DetectionArea"":""Intersection Center"",""CameraId"":""0""}"
IC,69c16ca27bdcb4001212bdab,1774283937869000,Intersection Center,0,,,,,alexandria,glebe-potomac-dqchytr8g,alexandria.safety-event,1774289110314000,derq,"{""EventType"":""IC"",""EventId"":""69c16ca27bdcb4001212bdab"",""TimeAtSite"":""2026-03-23T12:38:57.869"",""DetectionArea"":""Intersection Center"",""CameraId"":""0""}"
IC,69c16ca3b3fbbc0013aae551,1774283939371000,Intersection Center,0,,,,,alexandria,glebe-potomac-dqchytr8g,alexandria.safety-event,1774289110314000,derq,"{""EventType"":""IC"",""EventId"":""69c16ca3b3fbbc0013aae551"",""TimeAtSite"":""2026-03-23T12:38:59.371"",""DetectionArea"":""Intersection Center"",""CameraId"":""0""}"
NM-VRU,69c188975c6a9b0012308648,1774291091375000,South Leg,0,,,Pedestrian,Passenger Vehicle,alexandria,glebe-potomac-dqchytr8g,alexandria.safety-event,1774296308735000,derq,"{""EventType"":""NM-VRU"",""EventId"":""69c188975c6a9b0012308648"",""TimeAtSite"":""2026-03-23T14:38:11.375"",""DetectionArea"":""South Leg"",""CameraId"":""0"",""Object1Class"":""Pedestrian"",""Object2Class"":""Passenger Vehicle""}"
LCV,69c181977bdcb4001212e1b0,1774289303073000,South Leg,0,,,,,alexandria,glebe-potomac-dqchytr8g,alexandria.safety-event,1774296308735000,derq,"{""EventType"":""LCV"",""EventId"":""69c181977bdcb4001212e1b0"",""TimeAtSite"":""2026-03-23T14:08:23.073"",""DetectionArea"":""South Leg"",""CameraId"":""0""}"
WWD,69c1a453faa2eb0012fd7318,1774298195497000,West Leg,0,West,,,,alexandria,glebe-potomac-dqchytr8g,alexandria.safety-event,1774303510775000,derq,"{""EventType"":""WWD"",""EventId"":""69c1a453faa2eb0012fd7318"",""TimeAtSite"":""2026-03-23T16:36:35.497"",""DetectionArea"":""West Leg"",""CameraId"":""0"",""Direction"":""West""}"
IC,69c19fb17bdcb400121315e1,1774297008739000,West Leg,0,,,,,alexandria,glebe-potomac-dqchytr8g,alexandria.safety-event,1774303510775000,derq,"{""EventType"":""IC"",""EventId"":""69c19fb17bdcb400121315e1"",""TimeAtSite"":""2026-03-23T16:16:48.739"",""DetectionArea"":""West Leg"",""CameraId"":""0""}"
LCV,69c1b716b3fbbc0013ab674a,1774302998788000,South Leg,0,,,,,alexandria,glebe-potomac-dqchytr8g,alexandria.safety-event,1774307108899000,derq,"{""EventType"":""LCV"",""EventId"":""69c1b716b3fbbc0013ab674a"",""TimeAtSite"":""2026-03-23T17:56:38.788"",""DetectionArea"":""South Leg"",""CameraId"":""0""}"
IC,69c1b5deb3fbbc0013ab653d,1774302686409000,North Leg,0,,,,,alexandria,glebe-potomac-dqchytr8g,alexandria.safety-event,1774307108900000,derq,"{""EventType"":""IC"",""EventId"":""69c1b5deb3fbbc0013ab653d"",""TimeAtSite"":""2026-03-23T17:51:26.409"",""DetectionArea"":""North Leg"",""CameraId"":""0""}"
IC,69c1c2395c6a9b001230eb8d,1774305849493000,South Leg,0,,,,,alexandria,glebe-potomac-dqchytr8g,alexandria.safety-event,1774310708781000,derq,"{""EventType"":""IC"",""EventId"":""69c1c2395c6a9b001230eb8d"",""TimeAtSite"":""2026-03-23T18:44:09.493"",""DetectionArea"":""South Leg"",""CameraId"":""0""}"
IC,69c1c32efaa2eb0012fda8a9,1774306093553000,Intersection Center,0,,,,,alexandria,glebe-potomac-dqchytr8g,alexandria.safety-event,1774310708781000,derq,"{""EventType"":""IC"",""EventId"":""69c1c32efaa2eb0012fda8a9"",""TimeAtSite"":""2026-03-23T18:48:13.553"",""DetectionArea"":""Intersection Center"",""CameraId"":""0""}"
LCV,69c1c2b3754ddb0013a0fe84,1774305970666000,South Leg,0,,,,,alexandria,glebe-potomac-dqchytr8g,alexandria.safety-event,1774310708781000,derq,"{""EventType"":""LCV"",""EventId"":""69c1c2b3754ddb0013a0fe84"",""TimeAtSite"":""2026-03-23T18:46:10.666"",""DetectionArea"":""South Leg"",""CameraId"":""0""}"
LCV,69c1c68bfaa2eb0012fdae61,1774306955541000,South Leg,0,,,,,alexandria,glebe-potomac-dqchytr8g,alexandria.safety-event,1774310708781000,derq,"{""EventType"":""LCV"",""EventId"":""69c1c68bfaa2eb0012fdae61"",""TimeAtSite"":""2026-03-23T19:02:35.541"",""DetectionArea"":""South Leg"",""CameraId"":""0""}"
IC,69c1c229b3fbbc0013ab7a7c,1774305832952000,North Leg,0,,,,,alexandria,glebe-potomac-dqchytr8g,alexandria.safety-event,1774310708781000,derq,"{""EventType"":""IC"",""EventId"":""69c1c229b3fbbc0013ab7a7c"",""TimeAtSite"":""2026-03-23T18:43:52.952"",""DetectionArea"":""North Leg"",""CameraId"":""0""}"
IC,69c1c23a7bdcb40012135338,1774305849793000,South Leg,0,,,,,alexandria,glebe-potomac-dqchytr8g,alexandria.safety-event,1774310708781000,derq,"{""EventType"":""IC"",""EventId"":""69c1c23a7bdcb40012135338"",""TimeAtSite"":""2026-03-23T18:44:09.793"",""DetectionArea"":""South Leg"",""CameraId"":""0""}"
LCV,69c1bad8faa2eb0012fd9a7a,1774303959913000,North Leg,0,,,,,alexandria,glebe-potomac-dqchytr8g,alexandria.safety-event,1774310708781000,derq,"{""EventType"":""LCV"",""EventId"":""69c1bad8faa2eb0012fd9a7a"",""TimeAtSite"":""2026-03-23T18:12:39.913"",""DetectionArea"":""North Leg"",""CameraId"":""0""}"
IC,69c1c94a828488001261eb1b,1774307658093000,Intersection Center,0,,,,,alexandria,glebe-potomac-dqchytr8g,alexandria.safety-event,1774314306220000,derq,"{""EventType"":""IC"",""EventId"":""69c1c94a828488001261eb1b"",""TimeAtSite"":""2026-03-23T19:14:18.093"",""DetectionArea"":""Intersection Center"",""CameraId"":""0""}"
STPV,69c1d93e5c6a9b0012311287,1774311735533000,North Leg,0,North,,,,alexandria,glebe-potomac-dqchytr8g,alexandria.safety-event,1774317907061000,derq,"{""EventType"":""STPV"",""EventId"":""69c1d93e5c6a9b0012311287"",""TimeAtSite"":""2026-03-23T20:22:15.533"",""DetectionArea"":""North Leg"",""CameraId"":""0"",""Direction"":""North""}"
NM-VV,69c1e1ee5c6a9b00123120f9,1774313962651000,Intersection Center,0,,,Passenger Vehicle,Passenger Vehicle,alexandria,glebe-potomac-dqchytr8g,alexandria.safety-event,1774317907062000,derq,"{""EventType"":""NM-VV"",""EventId"":""69c1e1ee5c6a9b00123120f9"",""TimeAtSite"":""2026-03-23T20:59:22.651"",""DetectionArea"":""Intersection Center"",""CameraId"":""0"",""Object1Class"":""Passenger Vehicle"",""Object2Class"":""Passenger Vehicle""}"
LCV,69c1f1bdb3fbbc0013abc8ac,1774318013244000,South Leg,0,,,,,alexandria,glebe-potomac-dqchytr8g,alexandria.safety-event,1774325106666000,derq,"{""EventType"":""LCV"",""EventId"":""69c1f1bdb3fbbc0013abc8ac"",""TimeAtSite"":""2026-03-23T22:06:53.244"",""DetectionArea"":""South Leg"",""CameraId"":""0""}"
IC,69c1fa29754ddb0013a159d5,1774320169053000,Intersection Center,0,,,,,alexandria,glebe-potomac-dqchytr8g,alexandria.safety-event,1774325106667000,derq,"{""EventType"":""IC"",""EventId"":""69c1fa29754ddb0013a159d5"",""TimeAtSite"":""2026-03-23T22:42:49.053"",""DetectionArea"":""Intersection Center"",""CameraId"":""0""}"
IC,69c30f78b3fbbc0013ad964b,1774391160047000,Intersection Center,0,,,,,alexandria,glebe-potomac-dqchytr8g,alexandria.safety-event,1774559103371000,derq,"{""EventType"":""IC"",""EventId"":""69c30f78b3fbbc0013ad964b"",""TimeAtSite"":""2026-03-24T18:26:00.047"",""DetectionArea"":""Intersection Center"",""CameraId"":""0""}"
LCV,69c322d27bdcb40012158ff4,1774396114104000,South Leg,0,,,,,alexandria,glebe-potomac-dqchytr8g,alexandria.safety-event,1774559103371000,derq,"{""EventType"":""LCV"",""EventId"":""69c322d27bdcb40012158ff4"",""TimeAtSite"":""2026-03-24T19:48:34.104"",""DetectionArea"":""South Leg"",""CameraId"":""0""}"
IC,69c34d9e5c6a9b00123370cb,1774407070613000,Intersection Center,0,,,,,alexandria,glebe-potomac-dqchytr8g,alexandria.safety-event,1774559103371000,derq,"{""EventType"":""IC"",""EventId"":""69c34d9e5c6a9b00123370cb"",""TimeAtSite"":""2026-03-24T22:51:10.613"",""DetectionArea"":""Intersection Center"",""CameraId"":""0""}"
NM-VRU,69c30e0e7bdcb40012156bdc,1774390794011000,South Leg,0,,,Passenger Vehicle,Bicycle,alexandria,glebe-potomac-dqchytr8g,alexandria.safety-event,1774559103371000,derq,"{""EventType"":""NM-VRU"",""EventId"":""69c30e0e7bdcb40012156bdc"",""TimeAtSite"":""2026-03-24T18:19:54.011"",""DetectionArea"":""South Leg"",""CameraId"":""0"",""Object1Class"":""Passenger Vehicle"",""Object2Class"":""Bicycle""}"
LCV,69c31d1ffaa2eb0012ffda14,1774394594706000,South Leg,0,,,,,alexandria,glebe-potomac-dqchytr8g,alexandria.safety-event,1774559103371000,derq,"{""EventType"":""LCV"",""EventId"":""69c31d1ffaa2eb0012ffda14"",""TimeAtSite"":""2026-03-24T19:23:14.706"",""DetectionArea"":""South Leg"",""CameraId"":""0""}"
IC,69c60bb7828488001268d39b,1774586807019000,Intersection Center,0,,,,,alexandria,glebe-potomac-dqchytr8g,alexandria.safety-event,1774591501237000,derq,"{""EventType"":""IC"",""EventId"":""69c60bb7828488001268d39b"",""TimeAtSite"":""2026-03-27T00:46:47.019"",""DetectionArea"":""Intersection Center"",""CameraId"":""0""}"
STPV,69c63fd38284880012692137,1774600140341000,North Leg,0,North,,,,alexandria,glebe-potomac-dqchytr8g,alexandria.safety-event,1774605901079000,derq,"{""EventType"":""STPV"",""EventId"":""69c63fd38284880012692137"",""TimeAtSite"":""2026-03-27T04:29:00.341"",""DetectionArea"":""North Leg"",""CameraId"":""0"",""Direction"":""North""}"
WWD,69c6778ffaa2eb0012054df2,1774614415636000,North Leg,0,North,,,,alexandria,glebe-potomac-dqchytr8g,alexandria.safety-event,1774620301033000,derq,"{""EventType"":""WWD"",""EventId"":""69c6778ffaa2eb0012054df2"",""TimeAtSite"":""2026-03-27T08:26:55.636"",""DetectionArea"":""North Leg"",""CameraId"":""0"",""Direction"":""North""}"
IC,69c67ed7754ddb0013a8a5a7,1774616278975000,Intersection Center,0,,,,,alexandria,glebe-potomac-dqchytr8g,alexandria.safety-event,1774620301033000,derq,"{""EventType"":""IC"",""EventId"":""69c67ed7754ddb0013a8a5a7"",""TimeAtSite"":""2026-03-27T08:57:58.975"",""DetectionArea"":""Intersection Center"",""CameraId"":""0""}"
IC,69c67aa15c6a9b001238a11a,1774615201305000,West Leg,0,,,,,alexandria,glebe-potomac-dqchytr8g,alexandria.safety-event,1774620301033000,derq,"{""EventType"":""IC"",""EventId"":""69c67aa15c6a9b001238a11a"",""TimeAtSite"":""2026-03-27T08:40:01.305"",""DetectionArea"":""West Leg"",""CameraId"":""0""}"
LCV,69c6934ae963ff00111e0a16,1774621514007000,South Leg,0,,,,,alexandria,glebe-potomac-dqchytr8g,alexandria.safety-event,1774627501406000,derq,"{""EventType"":""LCV"",""EventId"":""69c6934ae963ff00111e0a16"",""TimeAtSite"":""2026-03-27T10:25:14.007"",""DetectionArea"":""South Leg"",""CameraId"":""0""}"
IC,69c6925eee2f6f001258cea6,1774621278408000,Intersection Center,0,,,,,alexandria,glebe-potomac-dqchytr8g,alexandria.safety-event,1774627501407000,derq,"{""EventType"":""IC"",""EventId"":""69c6925eee2f6f001258cea6"",""TimeAtSite"":""2026-03-27T10:21:18.408"",""DetectionArea"":""Intersection Center"",""CameraId"":""0""}"
LCV,69c69c39ead27500120b2d97,1774623801347000,South Leg,0,,,,,alexandria,glebe-potomac-dqchytr8g,alexandria.safety-event,1774627501407000,derq,"{""EventType"":""LCV"",""EventId"":""69c69c39ead27500120b2d97"",""TimeAtSite"":""2026-03-27T11:03:21.347"",""DetectionArea"":""South Leg"",""CameraId"":""0""}"
NM-VV,69c69a59ead27500120b2a5c,1774623317299000,Intersection Center,0,,,Passenger Vehicle,Passenger Vehicle,alexandria,glebe-potomac-dqchytr8g,alexandria.safety-event,1774627501407000,derq,"{""EventType"":""NM-VV"",""EventId"":""69c69a59ead27500120b2a5c"",""TimeAtSite"":""2026-03-27T10:55:17.299"",""DetectionArea"":""Intersection Center"",""CameraId"":""0"",""Object1Class"":""Passenger Vehicle"",""Object2Class"":""Passenger Vehicle""}"
IC,69c69f3bead27500120b32b3,1774624571253000,Intersection Center,0,,,,,alexandria,glebe-potomac-dqchytr8g,alexandria.safety-event,1774631101029000,derq,"{""EventType"":""IC"",""EventId"":""69c69f3bead27500120b32b3"",""TimeAtSite"":""2026-03-27T11:16:11.253"",""DetectionArea"":""Intersection Center"",""CameraId"":""0""}"
NM-VRU,69c7fd78e963ff0011206f07,1774714229536000,Intersection Center,0,,,Pedestrian,Passenger Vehicle,alexandria,glebe-potomac-dqchytr8g,alexandria.safety-event,1774721101558000,derq,"{""EventType"":""NM-VRU"",""EventId"":""69c7fd78e963ff0011206f07"",""TimeAtSite"":""2026-03-28T12:10:29.536"",""DetectionArea"":""Intersection Center"",""CameraId"":""0"",""Object1Class"":""Pedestrian"",""Object2Class"":""Passenger Vehicle""}"
IC,69c8212cf970590013a1706c,1774723372129000,North Leg,0,,,,,alexandria,glebe-potomac-dqchytr8g,alexandria.safety-event,1774728301554000,derq,"{""EventType"":""IC"",""EventId"":""69c8212cf970590013a1706c"",""TimeAtSite"":""2026-03-28T14:42:52.129"",""DetectionArea"":""North Leg"",""CameraId"":""0""}"
IC,69c81c75ee2f6f00125b6e78,1774722165488000,Intersection Center,0,,,,,alexandria,glebe-potomac-dqchytr8g,alexandria.safety-event,1774728301554000,derq,"{""EventType"":""IC"",""EventId"":""69c81c75ee2f6f00125b6e78"",""TimeAtSite"":""2026-03-28T14:22:45.488"",""DetectionArea"":""Intersection Center"",""CameraId"":""0""}"
IC,69c85dc8e963ff0011211e16,1774738887907000,North Leg,0,,,,,alexandria,glebe-potomac-dqchytr8g,alexandria.safety-event,1774742702835000,derq,"{""EventType"":""IC"",""EventId"":""69c85dc8e963ff0011211e16"",""TimeAtSite"":""2026-03-28T19:01:27.907"",""DetectionArea"":""North Leg"",""CameraId"":""0""}"
LCV,69c8538d1292990012bb0161,1774736269697000,North Leg,0,,,,,alexandria,glebe-potomac-dqchytr8g,alexandria.safety-event,1774742702835000,derq,"{""EventType"":""LCV"",""EventId"":""69c8538d1292990012bb0161"",""TimeAtSite"":""2026-03-28T18:17:49.697"",""DetectionArea"":""North Leg"",""CameraId"":""0""}"
IC,69c8938b0f43a60012ebf916,1774752651443000,Intersection Center,0,,,,,alexandria,glebe-potomac-dqchytr8g,alexandria.safety-event,1774757100445000,derq,"{""EventType"":""IC"",""EventId"":""69c8938b0f43a60012ebf916"",""TimeAtSite"":""2026-03-28T22:50:51.443"",""DetectionArea"":""Intersection Center"",""CameraId"":""0""}"
IC,69c89dd1ee2f6f00125c52f2,1774755281665000,Intersection Center,0,,,,,alexandria,glebe-potomac-dqchytr8g,alexandria.safety-event,1774760701651000,derq,"{""EventType"":""IC"",""EventId"":""69c89dd1ee2f6f00125c52f2"",""TimeAtSite"":""2026-03-28T23:34:41.665"",""DetectionArea"":""Intersection Center"",""CameraId"":""0""}"
IC,69c8a30a0f43a60012ec12c1,1774756618812000,Intersection Center,0,,,,,alexandria,glebe-potomac-dqchytr8g,alexandria.safety-event,1774760701652000,derq,"{""EventType"":""IC"",""EventId"":""69c8a30a0f43a60012ec12c1"",""TimeAtSite"":""2026-03-28T23:56:58.812"",""DetectionArea"":""Intersection Center"",""CameraId"":""0""}"
IC,69c993dc1292990012bd0d38,1774818268799000,North Leg,0,,,,,alexandria,glebe-potomac-dqchytr8g,alexandria.safety-event,1774821903451000,derq,"{""EventType"":""IC"",""EventId"":""69c993dc1292990012bd0d38"",""TimeAtSite"":""2026-03-29T17:04:28.799"",""DetectionArea"":""North Leg"",""CameraId"":""0""}"
IC,69c9c6100f43a60012edea0d,1774831120559000,Intersection Center,0,,,,,alexandria,glebe-potomac-dqchytr8g,alexandria.safety-event,1774836301504000,derq,"{""EventType"":""IC"",""EventId"":""69c9c6100f43a60012edea0d"",""TimeAtSite"":""2026-03-29T20:38:40.559"",""DetectionArea"":""Intersection Center"",""CameraId"":""0""}"
IC,69c9be312594590013bb385c,1774829105027000,North Leg,0,,,,,alexandria,glebe-potomac-dqchytr8g,alexandria.safety-event,1774836301504000,derq,"{""EventType"":""IC"",""EventId"":""69c9be312594590013bb385c"",""TimeAtSite"":""2026-03-29T20:05:05.027"",""DetectionArea"":""North Leg"",""CameraId"":""0""}"
NM-VRU,69ca65d5ee2f6f00125f2480,1774872017019000,West Leg,0,,,Pedestrian,Passenger Vehicle,alexandria,glebe-potomac-dqchytr8g,alexandria.safety-event,1774875901536000,derq,"{""EventType"":""NM-VRU"",""EventId"":""69ca65d5ee2f6f00125f2480"",""TimeAtSite"":""2026-03-30T08:00:17.019"",""DetectionArea"":""West Leg"",""CameraId"":""0"",""Object1Class"":""Pedestrian"",""Object2Class"":""Passenger Vehicle""}"
LCV,69ca99ff0f43a60012ef30a6,1774885375707000,South Leg,0,,,,,alexandria,glebe-potomac-dqchytr8g,alexandria.safety-event,1774890301177000,derq,"{""EventType"":""LCV"",""EventId"":""69ca99ff0f43a60012ef30a6"",""TimeAtSite"":""2026-03-30T11:42:55.707"",""DetectionArea"":""South Leg"",""CameraId"":""0""}"
